foodId,moisture,kcal,kJ,protein,lipids,cholesterol,carbohydrates,dietaryFiber,ash,calcium,magnesium,manganese,phosphorus,iron,sodium,potassium,copper,zinc,retinol,re,rae,thiamin,riboflavin,pyridoxine,niacin,vitaminC
1,70.1,124,517,2.6,1.0,,25.8,2.7,0.5,5,59,0.63,106,0.3,1,75,0.02,0.7,,,,0.08,0.00,0.08,0.00,
2,12.2,360,1505,7.3,1.9,,77.5,4.8,1.2,8,110,2.99,251,0.9,2,173,0.07,1.4,,,,0.26,0.00,0.18,4.18,
3,69.1,128,537,2.5,0.2,,28.1,1.6,0.1,4,2,0.30,18,0.1,1,15,0.02,0.5,,,,0.00,0.00,0.00,0.00,
4,13.2,358,1497,7.2,0.3,,78.8,1.6,0.5,4,30,1.03,104,0.7,1,62,0.11,1.2,,,,0.16,0.00,0.07,1.12,
5,68.7,130,544,2.6,0.4,,28.2,1.1,0.1,3,6,0.37,22,0.1,2,20,0.04,0.5,,,,0.00,0.00,0.00,0.00,
6,13.2,358,1498,7.2,0.3,,78.9,1.7,0.4,5,29,0.83,82,0.6,1,57,0.05,1.3,,,,0.16,0.00,0.05,0.92,
7,9.1,394,1648,13.9,8.5,,66.6,9.1,1.8,48,119,1.89,153,4.4,5,336,0.44,2.6,,,,0.55,0.03,0.00,4.47,1.4
8,3.2,443,1853,8.1,12.0,,75.2,2.1,1.5,54,37,0.78,166,1.8,352,142,0.17,1.0,,,,1.01,0.42,0.23,3.91,6.2
9,2.2,472,1974,6.4,19.6,0,70.5,3.0,1.3,27,48,0.59,139,2.3,239,232,0.27,1.0,0, , ,0.32,0.39,0.46,2.52,3.5
10,2.7,471,1971,5.7,19.6,0,71.0,1.5,1.0,36,27,0.66,138,1.5,230,113,0.13,0.7,0, , ,0.90,0.42,0.21,1.50,0.0
11,1.2,502,2102,5.6,24.7,0,67.5,1.8,1.1,23,48,0.44,124,2.4,137,240,0.26,0.9,0, , ,0.37,0.03,0.30,1.12,0.0
12,1.2,513,2148,4.5,26.4,1,67.4,0.8,0.6,14,19,0.28,73,1.1,120,75,0.08,0.5,0, , ,0.36,0.00,0.94,0.37,
13,4.1,432,1806,10.1,14.4,,68.7,2.5,2.7,20,40,0.69,148,2.2,854,181,0.18,1.1,,,,0.71,0.13,0.17,7.14,
14,1.0,419,1752,6.2,6.1,0,84.7,1.7,2.0,59,28,0.46,333,1.2,463,75,0.15,0.6,,,,0.18,0.00,1.50,1.52,0.0
15,34.1,324,1355,4.4,12.7,73,47.9,0.7,0.8,85,10,0.11,122,0.5,111,135,0.05,0.4,0, , ,0.13,0.07,0.00,0.00,0.0
16,19.3,410,1715,6.2,18.5,77,54.7,1.4,1.3,75,28,0.38,197,2.1,283,212,0.05,0.7,0, , ,0.13,0.09,0.05,0.00,0.0
17,29.3,333,1395,5.7,11.3,63,52.3,1.1,1.4,57,16,0.40,303,0.8,190,143,0.09,0.7,0,0,0,0.15,0.06,0.00,0.00,0.0
18,36.7,311,1303,4.8,12.4,82,45.1,0.7,1.0,83,10,0.11,128,0.7,134,118,0.04,0.4,57,,,0.11,0.05,0.00,0.00,0.0
19,13.6,358,1496,7.2,1.0,,78.1,5.5,0.2,2,12,0.09,48,0.3,1,93,0.05,0.4,,,,0.00,0.00,0.00,0.00,0.0
20,72.5,112,471,2.4,1.2,1,23.6,1.2,0.3,43,6,0.02,41,0.1,28,70,0.03,0.3,0,,,0.00,0.04,0.00,0.00,0.0
21,9.3,370,1546,7.3,1.6,,80.8,5.3,1.0,2,20,0.00,91,0.5,272,69,0.00,0.6,,,,0.12,0.00,0.06,0.00,0.0
22,11.2,363,1520,6.9,1.2,,80.4,1.8,0.3,2,17,0.00,58,1.7,31,29,0.24,0.3,,,,0.05,0.00,0.04,0.00,0.0
23,4.7,394,1650,6.4,1.1,,87.3,3.2,0.5,219,16,0.11,169,3.0,399,82,0.04,0.4,21,,,3.72,0.47,5.08,24.16,109.4
24,4.4,381,1595,8.9,2.1,,81.6,5.0,3.0,584,72,2.28,515,12.6,1163,244,0.21,2.0,0,,,0.76,0.88,1.49,7.46,13.1
25,5.5,365,1529,7.2,1.0,,83.8,4.1,2.5,143,11,0.06,101,3.1,655,83,0.06,7.6,,31,15,0.76,1.02,2.25,11.04,17.3
26,4.3,377,1576,4.7,0.7,,88.8,2.1,1.5,56,8,0.13,43,3.9,405,52,0.04,8.5,,31,15,0.73,1.11,0.79,10.13,14.6
27,7.3,386,1615,7.0,1.2,,83.9,1.1,0.5,7,51,1.24,153,0.6,1,115,0.04,1.9,,,,0.22,0.00,0.05,0.00,0.0
28,5.7,333,1393,4.8,1.6,,86.1,3.7,1.7,323,30,0.20,303,4.3,594,166,0.04,0.8,,,,0.74,0.00,2.05,0.00,96.3
29,81.6,78,328,2.4,1.6,5,13.9,0.5,0.5,53,16,0.06,75,0.4,21,162,0.03,0.4,12,20,16,0.04,0.07,0.00,0.00,0.0
30,3.9,402,1683,2.2,13.4,,79.8,2.5,0.7,31,9,0.05,45,0.9,223,55,0.03,0.2,,,,0.13,0.00,0.00,0.00,0.0
31,12.7,363,1519,1.3,0.3,,85.5,0.6,0.2,1,4,0.04,36,31.4,17,13,0.00,8.5,,,,3.23,0.00,3.47,24.42,173.6
32,10.8,336,1405,12.5,1.8,,73.3,15.5,1.7,34,120,3.86,340,4.7,41,334,0.56,2.7,,,,0.29,0.03,0.08,0.00,0.0
33,11.8,351,1467,7.2,1.5,,79.1,5.5,0.5,1,31,0.00,84,2.3,45,58,0.27,0.6,,18,9,0.25,0.00,0.25,0.00,0.0
34,9.8,371,1550,11.4,1.5,,75.8,4.8,1.6,35,57,1.62,195,6.7,333,212,0.26,1.7,,,,0.25,0.00,0.09,0.00,0.0
35,13.0,360,1508,9.8,1.4,,75.1,2.3,0.8,18,31,0.46,115,1.0,1,151,0.15,0.8,,,,0.31,0.00,0.00,0.89,0.0
36,2.7,415,1736,11.9,5.8,11,77.8,1.9,1.9,196,58,1.49,296,8.7,125,366,0.19,1.7,492,,,1.43,1.13,1.14,9.50,24.3
37,59.6,164,685,5.8,1.2,,32.5,1.6,0.9,10,4,0.20,42,1.2,207,54,0.07,0.4,,,,0.04,0.00,0.00,3.96, 
38,45.0,220,922,7.0,1.3,,45.1,1.6,1.6,17,13,0.34,82,1.9,667,137,0.10,0.8,,,,0.08,0.00,0.00,0.00, 
39,6.0,436,1824,8.8,17.2,,62.4,5.6,5.6,18,19,0.25,112,0.8,1516,148,0.10,0.5,,,,1.18,0.04,0.53,9.37,0.0
40,10.2,371,1553,10.0,1.3,,77.9,2.9,0.5,17,28,0.53,100,0.9,7,147,0.15,0.8,,,,0.18,0.02,0.00,3.57,0.0
41,10.6,371,1550,10.3,2.0,18,76.6,2.3,0.5,19,0,0.40,118,0.9,15,134,0.14,0.8,0,,,0.11,0.05,0.03,4.37,0.0
42,12.2,361,1512,0.6,0.0,,87.1,0.7,0.1,1,3,0.02,13,0.1,8,9,0.02,0.1,,,,0.00,0.00,0.00,0.00,0.0
43,11.5,353,1479,7.2,1.9,,78.9,4.7,0.6,3,41,0.34,108,0.9,0,168,0.08,1.1,,26,13,0.25,0.00,0.00,0.75,0.0
44,63.5,138,578,6.6,0.6,,28.6,3.9,0.7,2,33,0.12,113,0.4,1,185,0.05,0.5,,32,16,0.30,0.00,0.04,0.00,0.0
45,76.2,98,408,3.2,2.4,,17.1,4.6,1.1,2,20,0.09,61,0.6,260,162,0.05,0.5,,48,24,0.00,0.05,0.00,3.74,1.7
46,8.1,373,1562,0.6,0.4,,89.3,0.9,1.6,522,4,0.00,273,42.0,15,0,0.00,15.2,1533,,,3.41,0.00,3.11,19.39,0.0
47,61.3,171,716,2.6,4.8,,30.7,2.4,0.6,4,15,0.12,55,0.4,132,125,0.03,0.4,,,,0.00,0.00,0.00,0.00,0.0
48,19.9,343,1435,12.4,5.7,0,59.6,6.0,2.5,109,57,1.08,182,4.7,606,210,0.14,1.7,0, , ,0.09,0.03,0.08,0.00,0.0
49,26.0,309,1292,11.3,3.6,,56.5,5.7,2.5,90,48,0.57,153,3.3,663,296,0.16,1.5,,,,0.07,0.04,0.79,0.00,0.0
50,40.7,253,1059,12.0,2.7,,44.1,2.5,0.5,156,24,0.51,105,5.7,22,65,0.06,1.3,,,,0.04,0.03,0.00,0.00,0.0
51,30.4,292,1222,8.3,3.1,6,56.4,4.3,1.8,78,29,0.37,110,3.0,507,89,0.10,0.8,0,,,0.08,0.00,0.08,0.00,0.0
52,34.7,253,1059,9.4,3.7,,49.9,6.9,2.3,132,60,1.62,193,3.0,506,163,0.15,1.6,,,,0.08,0.04,0.15,0.00,0.0
53,28.5,300,1254,8.0,3.1,,58.6,2.3,1.8,16,25,0.46,95,1.0,648,142,0.13,0.8,3,,,0.39,0.67,0.60,2.34, 
54,25.8,311,1301,8.4,2.8,17,61.5,2.4,1.5,52,22,0.31,101,2.3,431,91,0.00,2.7,0, , ,0.08,0.04,0.15,0.00,0.0
55,34.4,289,1208,10.7,8.8,18,42.0,1.0,4.1,17,18,0.34,117,2.0,1309,166,0.11,1.7,0,,,0.06,0.03,0.00,1.58,0.0
56,22.9,388,1625,10.1,20.1,25,43.8,1.0,3.1,13,14,0.22,90,2.5,1040,156,0.12,1.2,0,,,0.06,0.05,0.00,1.83,
57,31.3,308,1291,9.9,9.6,14,45.9,1.1,3.3,155,16,0.24,168,1.0,985,103,0.10,1.0,0,,,0.07,0.03,0.00,0.00,0.0
58,17.5,422,1766,8.7,22.7,15,48.1,0.9,2.9,126,15,0.20,124,1.3,821,124,0.10,0.8,18,,,0.09,0.04,0.00,0.00,0.0
59,27.1,310,1298,6.9,5.5,,57.4,1.4,3.2,13,14,0.38,73,1.1,1344,167,0.11,0.6,,,,0.15,0.00,0.00,0.00, 
60,1.0,570,2384,6.0,40.9,,49.3,1.3,2.8,11,13,0.36,62,1.4,1175,143,0.08,0.5,,,,0.16,0.00,0.00,0.00, 
61,2.8,448,1876,9.9,15.9,,70.3,14.3,1.0,3,91,0.65,225,1.2,4,256,0.46,2.0,,,,0.03,0.03,0.00,0.00,0.0
62,72.7,103,430,2.3,0.3,,23.3,2.4,1.4,1,4,0.00,17,0.0,442,100,0.04,0.1,,,,0.04,0.00,0.00,0.00,0.0
63,9.0,377,1579,10.5,3.3,,74.6,3.4,2.6,19,32,0.55,114,1.2,829,189,0.16,0.9,,,,0.38,0.00,0.00,0.00,0.0
64,86.4,48,201,1.4,0.7,,10.8,2.5,0.7,8,9,0.26,33,0.3,1,199,0.06,0.3,,,,0.08,0.00,0.07,0.00,7.5
65,88.5,39,161,1.7,0.5,,8.4,2.2,0.8,18,9,0.11,26,0.4,0,351,0.06,0.3,,446,223,0.00,0.00,0.10,0.00,5.1
66,95.7,14,57,0.6,0.0,,3.3,1.2,0.4,9,4,0.01,12,0.2,0,165,0.02,0.0,,1108,554,0.07,0.00,0.04,0.00,1.5
67,95.9,12,52,1.0,0.1,,2.7,1.7,0.4,3,2,0.01,8,0.0,0,125,0.05,0.1,,278,139,0.00,0.00,0.06,0.00,9.6
68,92.5,29,121,0.4,0.8,,6.0,1.5,0.4,19,7,0.02,12,0.1,3,183,0.04,0.1,,95,48,0.05,0.00,0.05,0.00,6.7
69,92.5,24,102,0.7,0.1,,6.1,2.3,0.6,9,7,0.07,32,0.3,1,264,0.09,0.2,,,,0.00,0.00,0.06,0.00,2.1
70,95.3,15,63,1.1,0.2,,3.0,1.6,0.4,17,17,0.11,22,0.2,1,126,0.01,0.3,,,,0.05,0.00,0.06,0.00,2.1
71,93.9,19,81,1.1,0.1,,4.3,1.4,0.6,15,20,0.09,32,0.2,0,253,0.05,0.2,,41,20,0.00,0.06,0.03,0.00,6.9
72,93.5,24,102,1.1,0.8,,4.2,1.4,0.4,21,13,0.14,32,0.4,2,194,0.02,0.3,,42,21,0.04,0.00,0.00,0.00,7.5
73,90.9,31,129,0.6,0.1,,7.9,2.6,0.5,19,9,0.11,33,0.2,1,213,0.10,0.2,,,,0.00,0.00,0.03,0.00,17.5
74,93.2,21,88,1.4,0.1,,4.6,1.1,0.6,43,10,0.11,40,0.3,1,240,0.10,0.3,,,,0.04,0.00,0.16,0.00,22.6
75,93.9,17,69,2.7,0.2,,2.3,2.1,0.9,133,18,0.28,51,3.1,7,218,0.10,0.7,,458,229,0.11,0.23,0.09,1.19,60.1
76,93.8,19,80,0.8,0.1,,4.3,1.0,1.1,65,9,0.18,28,0.7,10,274,0.31,0.1,,916,458,0.00,0.00,0.18,0.00,5.9
77,97.2,9,37,0.6,0.1,,1.7,1.0,0.3,14,6,0.12,19,0.3,7,136,0.02,0.2,,,,0.03,0.00,0.04,0.00,11.0
78,96.1,11,45,1.3,0.2,,1.7,1.8,0.7,38,11,0.20,26,0.4,3,267,0.03,0.3,,234,117,0.11,0.12,0.00,1.09,15.6
79,95.0,14,58,1.7,0.1,,2.4,2.3,0.8,28,9,0.33,26,0.6,4,349,0.03,0.3,,368,184,0.09,0.08,0.07,0.75,21.4
80,95.7,13,53,0.9,0.2,,2.5,2.0,0.7,34,9,0.12,51,2.5,7,308,0.04,0.2,,312,156,0.00,0.00,0.00,0.00,13.5
81,90.2,29,122,2.7,0.5,,5.2,4.1,1.4,258,84,0.15,50,1.3,5,261,0.15,0.7,,,,0.00,0.12,0.56,0.00,0.0
82,67.5,113,473,7.0,0.2,,23.9,4.3,1.3,14,21,0.24,149,0.8,5,535,0.15,0.8,,,,0.18,0.00,0.44,0.00,
83,91.0,32,132,1.4,0.1,,6.9,2.5,0.6,34,11,0.10,36,0.6,2,224,0.29,0.2,,16,8,0.06,0.00,0.08,0.34,14.1
84,93.7,18,75,1.8,0.2,,3.3,2.6,1.0,19,21,0.17,40,0.7,2,369,0.10,0.3,,566,283,0.10,0.18,0.00,0.63,1.7
85,86.5,65,272,1.7,4.8,,5.7,3.4,1.2,63,17,0.28,31,1.6,15,315,0.06,0.2,,,,0.03,0.06,0.05,4.03,1.5
86,79.3,80,335,0.9,0.2,,18.9,1.8,0.8,12,8,0.22,29,0.4,2,258,0.15,0.4,,,,0.06,0.00,0.00,1.98,17.1
87,73.7,101,423,1.0,0.2,,24.0,2.1,1.1,17,12,0.07,45,0.3,0,505,0.05,0.2,,25,12,0.05,0.00,0.12,0.00,7.6
88,80.4,77,321,0.6,0.1,,18.4,2.2,0.4,17,11,0.14,15,0.2,3,148,0.06,0.1,,,,0.08,0.00,0.05,2.57,23.8
89,69.5,118,495,1.3,0.1,,28.2,2.6,0.9,21,17,0.18,36,0.4,9,340,0.11,0.2,,,,0.06,0.00,0.10,0.00,16.5
90,2.7,543,2271,5.6,36.6,,51.2,2.5,3.9,12,24,0.23,96,0.7,607,1014,0.12,0.6,,,,0.20,0.00,0.13,2.61,0.0
91,86.4,52,216,1.2,0.0,,11.9,1.3,0.5,4,5,0.07,24,0.2,2,161,0.06,0.2,,,,0.05,0.00,0.08,0.00,3.8
92,82.9,64,269,1.8,0.0,,14.7,1.2,0.6,4,15,0.10,39,0.4,0,302,0.09,0.2,,,,0.10,0.00,0.15,0.00,31.1
93,44.1,267,1118,5.0,13.1,,35.6,8.1,2.2,6,14,0.15,70,0.4,2,489,0.10,0.4,,,,0.17,0.00,0.10,2.51,16.3
94,83.1,68,284,1.3,0.9,,14.1,1.4,0.6,4,6,0.08,32,0.3,8,199,0.05,0.2,,,,0.07,0.00,0.09,1.38,0.0
95,94.4,19,79,0.7,0.1,,4.5,2.5,0.3,11,9,0.11,15,0.2,1,105,0.04,0.1,,,,0.04,0.00,0.00,0.00,0.0
96,93.8,20,82,1.2,0.1,,4.4,2.9,0.4,9,13,0.10,20,0.2,0,205,0.06,0.1,,24,12,0.04,0.05,0.00,0.00,3.0
97,90.6,32,135,1.3,0.1,,7.2,1.9,0.8,15,17,0.19,30,0.2,23,245,0.04,0.4,,,,0.09,0.00,0.00,0.00,1.2
98,86.0,49,204,1.9,0.1,,11.1,3.4,0.9,18,24,1.23,19,0.3,10,375,0.08,0.5,,,,0.04,0.00,0.04,0.00,3.1
99,5.4,438,1831,1.3,12.2,9,80.5,1.2,0.5,30,6,0.08,23,1.8,98,54,0.04,0.1,0,,,0.00,0.03,0.07,0.00,0.0
100,92.6,25,103,2.1,0.5,,4.4,3.4,0.4,51,15,0.12,33,0.5,2,119,0.08,0.2,,,,0.04,0.03,0.00,0.00,42.0
101,91.2,25,107,3.6,0.3,,4.0,2.9,0.8,86,30,0.26,78,0.6,3,322,0.06,0.5,,279,140,0.12,0.18,0.08,1.39,34.3
102,78.9,78,325,1.5,0.1,,18.9,2.6,0.6,5,15,0.02,28,0.3,1,203,0.11,0.2,,,,0.12,0.00,0.12,0.00,0.0
103,73.7,96,400,2.3,0.1,,23.0,7.3,0.9,4,11,0.01,35,0.2,0,212,0.06,0.2,,,,0.11,0.00,0.02,0.00,8.8
104,87.6,34,142,3.2,0.6,,6.0,4.5,2.6,455,197,0.89,77,4.5,14,279,0.37,6.0,,1906,953,0.00,0.10,0.11,0.00,5.4
105,91.8,24,100,1.9,0.3,,4.8,2.0,1.3,57,17,0.34,32,3.1,9,412,0.27,0.5,,,,0.00,0.03,0.36,1.54,7.3
106,87.4,63,265,2.0,4.8,,4.8,3.7,1.0,63,16,0.64,35,1.2,25,452,0.18,0.4,,850,425,0.04,0.00,0.03,0.60,0.0
107,88.9,39,165,1.7,0.1,,8.9,2.2,0.4,14,12,0.13,38,0.2,1,176,0.05,0.2,,,,0.04,0.00,0.14,0.00,4.7
108,93.9,20,82,1.9,0.4,,3.4,3.6,0.5,80,25,0.13,27,0.6,2,206,0.04,0.3,,134,67,0.03,0.04,0.08,0.00,31.8
109,91.7,30,125,0.8,0.2,,6.7,2.6,0.6,26,14,0.05,27,0.1,8,176,0.02,0.2,,612,306,0.07,0.00,0.06,2.68,0.0
110,90.1,34,143,1.3,0.2,,7.7,3.2,0.9,23,11,0.05,28,0.2,3,315,0.05,0.2,,1326,663,0.00,0.00,0.05,0.00,5.1
111,95.1,14,58,1.1,0.1,,2.9,2.2,0.8,45,14,0.13,13,0.5,14,425,0.04,0.1,,,,0.03,0.10,0.00,0.68,6.5
112,94.6,19,78,0.4,0.0,,4.8,1.0,0.2,8,7,0.07,13,0.1,2,54,0.00,0.1,,,,0.03,0.00,0.00,0.00,5.6
113,94.8,17,71,0.7,0.1,,4.1,1.3,0.3,12,7,0.08,18,0.2,0,126,0.03,0.1,, , ,0.00,0.00,0.00,0.00,10.6
114,10.6,309,1293,20.9,10.4,,48.0,37.3,10.2,784,393,10.48,388,81.4,18,3223,4.09,4.7,,,,0.10,0.11,0.09,0.00,40.8
115,90.9,27,113,2.9,0.5,,4.3,3.1,1.3,131,35,1.02,49,0.5,6,403,0.06,0.4,,496,248,0.20,0.31,0.06,2.29,96.7
116,81.5,90,378,1.7,6.6,,8.7,5.7,1.5,177,26,0.12,33,0.5,11,315,0.02,0.2,,384,192,0.00,0.05,0.07,0.00,76.9
117,92.8,23,94,1.9,0.2,,4.5,2.4,0.6,18,12,0.16,57,0.5,3,256,0.03,0.3,,2,1,0.03,0.09,0.10,0.00,36.1
118,94.3,19,80,1.2,0.3,,3.9,2.1,0.3,16,5,0.10,25,0.1,2,80,0.00,0.3,,,,0.04,0.00,0.00,0.00,23.7
119,94.0,16,67,2.0,0.2,,2.6,2.1,1.2,98,82,0.71,25,0.4,17,336,0.06,0.3,,484,242,0.10,0.21,0.06,0.00,2.4
120,86.6,67,281,2.7,5.4,,4.2,2.5,1.0,112,123,0.61,34,0.6,47,149,0.04,0.6,,624,312,0.08,0.13,0.13,0.00,5.3
121,9.4,361,1510,1.6,0.3,,87.9,6.4,0.9,65,37,0.00,42,1.1,1,340,0.08,0.4,,,,0.14,0.00,0.04,0.00,0.0
122,8.3,365,1528,1.2,0.3,,89.2,6.5,1.0,76,40,0.37,39,1.2,10,328,0.00,0.4,,,,0.00,0.00,0.81,0.00,0.0
123,9.8,360,1507,1.6,0.5,,87.3,4.2,0.8,41,27,0.16,33,1.4,4,338,0.07,0.3,,,,0.09,0.00,0.00,0.00,0.0
124,17.8,331,1384,0.5,0.3,,81.1,0.6,0.3,12,3,0.00,60,0.1,2,48,0.00,0.0,,,,0.03,0.00,0.00,0.00,0.0
125,87.5,39,162,4.2,0.1,,7.8,2.0,0.5,14,25,0.19,75,0.8,2,189,0.17,0.6,,,,0.00,0.04,0.15,0.00,12.0
126,73.3,97,405,2.1,0.2,,23.2,1.7,1.2,12,29,0.15,65,0.4,0,568,0.17,0.3,,,,0.08,0.00,0.11,0.00,5.6
127,91.6,27,114,1.4,0.2,,6.2,4.8,0.6,20,21,0.14,29,0.3,0,213,0.07,0.1,,13,6,0.07,0.04,0.00,0.00,6.8
128,66.6,126,526,4.4,3.9,,23.1,23.9,2.0,151,65,0.52,155,0.9,1,619,1.16,0.6,,,,0.13,0.02,0.20,0.00,13.8
129,68.7,125,524,0.6,0.3,,30.1,1.6,0.4,19,27,0.06,22,0.1,1,100,0.01,0.2,,,,0.06,0.00,0.03,0.00,11.1
130,61.8,151,634,1.1,0.3,,36.2,1.9,0.6,15,44,0.05,29,0.3,2,208,0.07,0.2,,,,0.00,0.00,0.04,0.00,16.5
131,6.4,406,1697,2.1,9.1,,80.3,7.8,2.1,66,34,0.29,45,1.4,575,201,0.00,0.2,,,,0.10,0.00,0.15,0.00,0.0
132,36.6,300,1255,1.4,11.2,,50.3,1.9,0.6,23,95,0.18,57,0.3,9,176,0.12,0.4,,,,0.05,0.00,0.04,0.00,0.0
133,93.0,21,88,2.0,0.4,,3.6,3.3,1.0,211,58,0.17,40,1.0,4,252,0.16,0.5,,1035,517,0.06,0.21,0.06,0.90,2.3
134,95.1,14,58,1.4,0.1,,2.7,2.2,0.7,21,10,0.07,25,0.4,11,328,0.02,0.2,,6,3,0.06,0.02,0.04,0.00,9.6
135,93.4,18,76,2.1,0.2,,3.2,1.9,1.1,68,16,0.14,58,1.1,3,364,0.05,0.3,,,,0.05,0.04,0.05,0.00,38.6
136,55.0,181,756,5.9,1.9,15,36.8,1.8,0.5,11,18,0.30,68,1.6,7,164,0.10,0.5,15,,,0.08,0.00,0.04,0.00,0.0
137,93.8,18,76,1.2,0.1,,4.1,2.6,0.8,42,15,4.42,17,0.2,2,280,0.02,0.2,,,,0.07,0.00,0.03,0.00,9.6
138,91.4,23,97,1.8,0.4,,4.3,3.2,2.1,58,34,10.82,40,0.3,514,244,0.23,0.7,,,,0.06,0.04,0.00,0.00,2.0
139,89.4,29,123,2.5,0.5,,5.5,2.6,2.1,32,25,0.14,55,0.2,563,206,0.08,0.4,,,,0.03,0.00,0.00,0.00,8.7
140,33.7,363,1519,5.1,24.6,68,34.2,0.6,2.3,102,8,0.03,94,0.3,773,93,0.01,0.6,61,,,0.04,0.10,0.04,0.00, 
141,41.8,295,1232,3.6,14.0,63,38.5,1.0,2.0,88,7,0.00,79,0.3,405,58,0.00,0.4,48,,,0.00,0.08,0.00,0.00, 
142,96.8,10,40,0.9,0.0,,2.0,1.1,0.3,10,9,0.08,12,0.1,0,154,0.04,0.1,,4,2,0.00,0.03,0.00,0.00,5.0
143,91.9,28,117,1.2,0.4,,6.0,1.9,0.5,10,11,0.08,22,0.4,0,221,0.04,0.2,,40,20,0.04,0.03,0.06,0.00,201.4
144,93.5,21,89,1.1,0.2,,4.9,2.6,0.4,9,8,0.14,17,0.4,0,174,0.07,0.1,,46,23,0.00,0.00,0.00,0.00,100.2
145,92.9,23,97,1.0,0.1,,5.5,1.6,0.4,6,11,0.06,20,0.3,0,211,0.04,0.2,,86,43,0.05,0.06,0.02,0.00,158.2
146,12.6,351,1470,0.4,0.0,,86.8,0.2,0.2,27,4,0.09,8,0.5,2,38,0.00,0.0,,,,0.00,0.00,0.00,0.00,0.0
147,90.6,30,125,1.9,0.3,,6.4,4.6,0.8,112,50,0.46,56,0.4,1,249,0.17,0.6,,49,25,0.10,0.00,0.03,0.00,5.6
148,95.1,14,57,1.4,0.1,,2.7,2.2,0.7,21,10,0.07,25,0.4,11,328,0.02,0.2,,,,0.06,0.02,0.04,0.00,9.6
149,94.7,17,72,0.9,0.1,,3.9,1.9,0.4,35,9,0.13,14,0.2,4,150,0.02,0.2,,6,3,0.00,0.03,0.06,0.00,18.7
150,90.1,31,129,1.9,0.1,,7.2,2.0,0.7,44,18,0.25,58,0.5,2,328,0.90,0.3,,,,0.07,0.00,0.09,0.00,43.2
151,88.7,42,175,1.8,1.2,,7.6,1.8,0.7,43,17,0.26,59,0.5,3,321,0.02,0.3,,,,0.07,0.00,0.07,0.63,40.5
152,94.8,13,55,1.8,0.1,,2.2,1.7,1.1,117,18,0.24,25,0.9,9,233,0.04,0.2,,533,266,0.04,0.00,0.00,0.35,46.3
153,88.7,33,140,3.3,0.6,,5.7,1.9,1.8,179,21,1.88,49,3.2,2,711,0.20,1.3,,1743,872,0.12,0.15,0.47,0.72,51.7
154,82.1,57,237,3.4,0.4,,12.7,3.1,1.4,16,16,0.13,49,1.1,398,122,0.08,0.5,,244,122,0.03,0.00,0.00,3.72,0.0
155,90.2,30,127,2.7,0.7,,4.9,3.5,1.4,126,30,0.23,48,1.3,19,265,0.20,1.3,,1134,567,0.00,0.11,0.08,0.00,1.5
156,89.2,34,143,2.9,0.9,,5.4,4.5,1.5,141,38,0.66,53,1.9,1,290,0.16,0.6,,1160,580,0.00,0.10,0.10,0.00,17.9
157,95.1,15,64,1.1,0.2,,3.1,1.2,0.5,7,11,0.07,20,0.2,1,222,0.04,0.1,,54,27,0.12,0.00,0.02,0.00,21.2
158,79.7,61,255,2.4,0.2,,15.0,2.8,2.8,29,29,0.18,47,2.1,498,680,0.20,0.4,,166,83,0.00,0.00,0.11,2.42,18.0
159,88.1,38,161,1.4,0.9,,7.7,3.1,1.9,12,17,0.08,27,1.6,418,388,0.08,0.1,,76,38,0.00,0.00,0.06,0.00,2.7
160,90.8,28,117,1.4,0.0,,6.9,1.0,1.0,13,15, ,30,1.3,104,308,0.09,0.3,,90,45,0.00,0.00,0.07,1.18,5.4
161,93.6,21,86,0.8,0.0,,5.1,2.3,0.4,7,10,0.04,23,0.3,5,161,0.07,0.2,,,,0.06,0.04,0.05,0.00,12.8
162,92.2,25,104,1.8,0.2,,5.3,2.4,0.5,41,18,0.50,28,0.4,0,208,0.06,0.3,,32,16,0.00,0.08,0.00,0.00,1.2
163,83.8,96,402,1.2,8.4,,6.0,6.3,0.5,8,15,0.17,22,0.2,0,206,0.15,0.2,,,,0.00,0.04,0.00,0.00,8.7
164,86.3,48,202,0.9,0.1,,12.3,1.0,0.4,22,18,1.62,13,0.3,0,131,0.11,0.1,,,,0.17,0.02,0.00,0.00,34.6
165,91.3,31,128,0.5,0.1,,7.8,0.3,0.3,14,10,1.02,8,0.4,1,107,0.04,0.1,,2,1,0.05,0.00,0.00,0.00,1.2
166,83.1,62,261,0.8,0.7,,14.9,1.7,0.4,6,9,0.08,20,0.2,0,128,0.09,0.1,,,,0.00,0.04,0.05,0.00,10.3
167,73.9,110,461,0.7,3.7,,21.5,1.7,0.3,22,13,3.29,11,0.3,15,75,0.14,0.2,,,,0.00,0.00,0.07,0.00,10.3
168,88.7,58,243,0.8,3.9,,6.2,2.6,0.3,35,17,6.16,16,0.4,5,124,0.18,0.3,,,,0.00,0.04,0.07,0.00,0.0
169,90.5,33,140,0.9,0.2,,8.0,1.5,0.4,13,13,0.07,9,0.2,0,165,0.07,0.1,,247,124,0.00,0.04,0.00,1.38,941.4
170,93.6,22,92,0.6,0.0,,5.5,0.7,0.3,8,9,0.03,13,0.2,1,112,0.04,0.1,,192,96,0.00,0.10,0.00,0.00,623.2
171,52.2,183,765,0.4,0.0,,46.9,0.5,0.5,13,10,0.10,21,2.2,3,221,0.03,0.1,,,,0.00,0.23,0.37,0.00,4.3
172,84.8,53,220,0.8,0.0,,13.9,2.4,0.6,6,5,0.03,14,0.1,0,134,0.06,0.1,,27,14,0.07,0.00,0.03,0.00,7.6
173,50.3,177,742,1.0,0.3,,47.7,4.5,0.7,39,14,0.20,26,2.7,3,263,0.16,0.2,,,,0.00,0.22,0.08,0.00,5.2
174,72.7,97,406,1.0,0.3,,25.3,2.1,0.7,23,25,0.16,23,0.2,1,300,0.17,0.2,,,,0.09,0.07,0.07,1.58,10.1
175,63.9,128,536,1.4,0.2,,33.7,1.5,0.8,4,24,0.16,26,0.3,0,328,0.05,0.2,,239,119,0.03,0.02,0.14,0.00,15.7
176,21.1,280,1172,2.2,0.1,,75.7,3.8,1.0,12,49,0.84,37,0.6,10,518,0.16,0.3,,27,14,0.03,0.00,0.06,1.41,0.0
177,70.1,105,440,1.1,0.1,,27.8,2.8,0.8,6,30,0.21,16,0.2,0,387,0.06,0.1,,,,0.09,0.00,0.03,0.00,17.5
178,75.2,87,363,1.8,0.1,,22.3,2.6,0.6,3,24,0.60,29,0.2,0,264,0.11,0.1,,6,3,0.00,0.00,0.14,0.00,10.5
179,73.8,92,383,1.4,0.1,,23.8,1.9,0.8,3,28,0.14,27,0.3,0,376,0.10,0.2,,14,7,0.00,0.02,0.14,0.00,5.9
180,68.2,112,470,1.5,0.2,,29.3,2.0,0.8,3,28,0.09,22,0.3,0,355,0.08,0.3,,50,25,0.00,0.00,0.14,0.00,7.6
181,77.7,78,326,1.2,0.1,,20.3,2.0,0.7,5,30,0.41,20,0.4,1,267,0.06,0.1,,,,0.05,0.03,0.17,0.00,0.0
182,71.9,98,411,1.3,0.1,,26.0,2.0,0.8,8,26,0.42,22,0.4,0,358,0.05,0.1,,32,16,0.00,0.02,0.10,0.00,21.6
183,79.2,74,311,1.0,0.1,,19.4,2.2,0.3,12,25,0.04,9,0.3,1,72,0.15,0.6,,,,0.25,0.00,0.04,0.00,13.6
184,86.9,46,191,1.3,0.0,,11.4,2.6,0.4,13,11,0.05,24,0.2,1,119,0.02,0.2,,,,0.11,0.00,0.05,0.00,26.7
185,92.4,26,110,0.6,0.2,,6.4,1.4,0.4,9,7,0.07,26,0.3,7,148,0.10,0.1,,106,53,0.04,0.00,0.00,0.00,0.0
186,88.1,43,180,1.0,0.3,,10.3,1.7,0.3,1,10,0.12,16,0.2,3,124,0.07,0.1,,15,7,0.00,0.00,0.00,0.00,219.3
187,89.8,37,153,0.5,0.2,,9.4,0.8,0.2,1,7,0.05,10,0.1,4,88,0.07,0.1,,22,11,0.00,0.02,0.00,2.25,119.7
188,88.4,45,189,0.4,0.2,,10.7,0.6,0.3,1,8,0.06,11,0.1,45,107,0.04,0.1,,10,5,0.00,0.03,0.00,0.00,138.7
189,79.7,71,299,0.4,0.1,,19.3,6.5,0.5,18,9,0.39,18,0.1,2,164,0.00,0.2,,,,0.00,0.00,0.03,0.00,29.6
190,87.1,46,191,0.9,0.2,,11.5,2.0,0.4,5,7,0.13,11,0.2,4,133,0.08,0.2,,,,0.12,0.00,0.00,0.00,60.9
191,78.7,76,316,1.4,0.4,,18.9,3.9,0.7,27,18,0.06,49,0.4,2,248,0.12,0.5,,,,0.14,0.00,0.00,0.00,27.0
192,86.2,49,207,1.2,1.0,,10.4,3.1,1.2,13,18,0.07,21,0.5,3,331,0.07,0.3,,,,0.37,0.04,0.07,4.34,24.5
193,86.6,49,204,0.8,0.6,,11.4,1.6,0.6,5,14,0.17,14,0.3,1,291,0.14,0.2,,,,0.07,0.07,0.05,0.00,10.5
194,88.2,41,173,1.0,0.2,,10.2,1.8,0.4,27,11,0.06,15,0.2,0,174,0.13,0.1,,,,0.05,0.00,0.00,0.00,0.8
195,48.8,184,771,0.6,0.2,,50.3,2.0,0.2,33,7,0.16,6,0.5,7,39,0.25,0.1,,,,0.00,0.00,0.00,0.00,5.2
196,80.9,67,281,1.1,0.2,,17.2,5.5,0.7,34,24,0.04,27,0.2,1,188,0.07,0.1,,,,0.03,0.00,0.00,0.00,9.9
197,85.7,52,216,0.9,0.5,,12.4,6.3,0.5,5,7,0.07,16,0.2,0,220,0.04,0.2,,,,0.00,0.00,0.03,0.00,99.2
198,24.8,269,1125,0.6,0.0,,74.1,3.7,0.5,10,6,0.11,54,0.4,4,165,0.06,0.1,,136,68,0.07,0.00,0.00,0.00,23.1
199,20.3,286,1195,0.4,0.1,,78.7,4.4,0.5,15,10,0.16,28,0.4,11,251,0.08,0.1,,50,25,0.00,0.00,0.00,1.41,34.3
200,85.0,54,227,1.1,0.4,,13.0,6.2,0.5,4,7,0.09,15,0.2,0,198,0.04,0.1,,38,19,0.00,0.00,0.03,0.00,80.6
201,82.2,62,258,0.8,0.2,,15.8,1.9,1.0,40,23,0.08,19,0.2,4,250,0.04,0.1,,,,0.17,0.12,0.03,0.00,19.1
202,89.2,38,160,0.6,0.1,,9.8,1.2,0.4,6,10,0.06,17,0.1,3,170,0.06,0.1,,,,0.00,0.09,0.00,0.00,10.5
203,83.6,58,243,0.6,0.1,,15.3,2.3,0.4,8,18,0.30,15,0.1,0,130,0.07,0.3,,,,0.06,0.00,0.00,0.00,16.2
204,75.1,88,368,1.4,0.3,,22.5,2.4,0.8,11,40,0.48,14,0.4,2,234,0.09,0.2,,,,0.10,0.04,0.05,0.00,14.8
205,92.1,27,113,0.9,0.1,,6.5,5.1,0.5,14,14,0.05,18,0.1,22,135,0.02,0.1,,,,0.08,0.00,0.00,1.18,3.8
206,87.7,41,172,0.5,0.1,,10.6,1.8,1.0,3,2,0.00,4,0.0,1,394,0.03,0.0,,8,4,0.17,0.00,0.12,0.00,27.1
207,85.9,51,214,1.3,0.6,,11.5,2.7,0.7,24,11,0.05,33,0.3,0,269,0.15,0.1,,5,3,0.00,0.00,0.06,0.00,70.8
208,87.1,45,190,1.0,0.1,,11.5,1.1,0.4,35,9,0.04,24,0.1,0,174,0.04,0.1,,4,2,0.06,0.02,0.00,0.00,56.9
209,90.2,37,153,0.7,0.0,,8.7,0.0,0.4,6,8,0.02,22,0.1,0,173,0.02,0.0,,4,2,0.03,0.00,0.02,0.00,94.5
210,85.4,51,215,1.1,0.2,,12.9,4.0,0.5,51,14,0.04,20,0.1,1,173,0.04,0.2,,,,0.07,0.09,0.03,0.00,34.7
211,89.2,41,171,0.7,0.1,,9.6,1.0,0.4,13,10,0.02,15,0.1,0,145,0.02,0.1,,4,2,0.04,0.00,0.04,0.00,44.3
212,87.0,46,191,1.1,0.1,,11.5,1.8,0.4,31,10,0.05,15,0.1,1,130,0.03,0.1,,,,0.09,0.05,0.04,0.00,43.5
213,89.7,39,165,0.7,0.1,,9.2,0.4,0.3,8,11,0.02,16,0.0,0,129,0.02,0.0,,,,0.10,0.03,0.04,0.00,41.3
214,89.6,37,154,1.0,0.1,,8.9,0.8,0.3,22,9,0.05,23,0.1,0,163,0.03,0.1,,1,0,0.07,0.02,0.02,0.00,53.7
215,91.3,33,137,0.7,0.1,,7.6,0.0,0.3,7,8,0.03,14,0.0,0,149,0.01,0.0,,1,1,0.00,0.00,0.00,0.00,73.3
216,86.9,46,193,0.8,0.2,,11.7,1.7,0.4,34,14,0.06,20,0.1,1,158,0.04,0.1,,,,0.07,0.04,0.03,0.00,47.8
217,90.5,36,151,0.5,0.1,,8.6,0.4,0.3,9,10,0.03,17,0.0,0,143,0.02,0.0,,2,1,,,0.03,0.00,
218,94.2,14,59,0.3,0.0,,5.2,0.0,0.2,10,9,0.03,11,0.1,0,120,0.03,,,31,16,0.00,0.00,0.00,0.00,32.8
219,91.8,22,93,0.6,0.1,,7.3,0.0,0.3,5,6,0.01,13,0.1,0,113,0.02,0.1,,,,0.00,0.00,0.03,0.00,34.5
220,87.4,32,133,0.9,0.1,,11.1,1.2,0.4,51,10,0.07,24,0.2,1,128,0.06,0.2,,,,0.30,0.04,0.00,0.00,38.2
221,82.6,63,262,0.2,0.2,,16.6,2.0,0.3,3,5,0.01,11,0.1,1,117,0.03,0.0,,,,0.05,0.00,0.00,0.00,1.5
222,84.3,56,232,0.3,0.0,,15.2,1.3,0.2,2,2,0.03,9,0.1,0,75,0.06,0.0,,4,2,0.00,0.00,0.03,0.00,2.4
223,41.5,404,1692,2.1,40.7,,13.9,13.4,1.8,67,66,0.08,44,0.8,1,306,0.35,0.7,,1020,510,0.11,0.11,0.03,0.00,13.4
224,45.5,196,819,0.2,0.1,,54.0,1.3,0.2,20,6,0.02,4,0.1,3,68,0.02,0.1,,,,0.03,0.00,0.00,0.00,3.9
225,86.9,45,190,0.8,0.1,,11.6,1.8,0.6,25,17,0.04,11,0.2,3,222,1.36,0.1,,148,74,0.03,0.03,0.00,0.00,78.5
226,88.6,40,168,0.5,0.1,,10.4,1.0,0.4,22,22,0.01,11,0.2,2,126,0.02,0.1,,118,59,0.03,0.04,0.00,1.03,82.2
227,41.9,209,876,0.3,0.1,,57.6,1.2,0.1,12,5,0.04,3,0.2,5,9,0.02,0.0,,,,0.00,0.00,0.00,0.00,0.0
228,82.3,64,266,0.4,0.3,,16.7,1.6,0.4,12,8,0.17,9,0.1,1,148,0.10,0.1,,162,81,0.02,0.06,0.05,0.00,17.4
229,79.7,72,303,0.4,0.2,,19.4,1.6,0.3,12,9,0.05,14,0.1,2,157,0.09,0.1,,787,393,0.09,0.03,0.00,0.00,65.5
230,86.5,48,202,0.4,0.2,,12.5,1.1,0.4,7,9,0.12,9,0.1,7,131,0.06,0.1,,,,0.00,0.07,0.03,0.00,24.9
231,85.8,51,212,0.9,0.2,,12.8,2.1,0.3,8,7,0.34,14,0.1,0,138,0.06,0.1,,118,59,0.00,0.04,0.03,0.00,7.9
232,82.9,68,286,2.0,2.1,,12.3,1.1,0.8,5,28,0.12,51,0.6,2,338,0.19,0.4,,114,57,0.00,0.05,0.05,0.00,19.8
233,88.9,39,162,0.8,0.2,,9.6,0.5,0.5,5,10,0.07,15,0.3,8,228,0.05,0.2,,,,0.00,0.09,0.06,0.00,7.3
234,88.9,42,176,0.8,0.2,,9.6,0.4,0.5,4,4,0.07,14,0.3,22,201,0.05,0.1,,,,0.00,0.08,0.05,1.92,13.7
235,90.7,33,136,0.9,0.0,,8.1,0.1,0.3,8,10,0.14,12,0.2,0,104,0.04,0.1,,61,31,0.00,0.00,0.00,0.00,6.1
236,91.3,29,123,0.7,0.0,,7.5,0.3,0.5,3,6,0.05,10,0.2,11,216,0.04,0.1,,2,1,0.00,0.00,0.02,0.00,8.7
237,83.7,58,241,0.9,0.1,,14.9,3.1,0.5,33,12,0.05,19,0.1,1,159,0.06,0.1,,,,0.08,0.07,0.05,0.00,21.8
238,89.6,37,154,0.7,0.1,,9.3,2.7,0.3,17,8,0.05,14,0.1,2,125,0.07,0.2,,,,0.03,0.00,0.00,0.00,112.0
239,91.5,30,126,0.9,0.3,,6.8,1.7,0.5,11,10,0.33,22,0.3,0,184,0.06,0.2,,,,0.00,0.03,0.03,0.00,63.6
240,87.8,43,178,0.3,0.0,,11.5,3.0,0.4,20,10,0.07,10,0.1,0,113,0.12,0.1,,170,85,0.00,0.00,0.00,0.00,3.2
241,65.9,205,858,2.3,18.0,,13.0,19.0,0.8,32,30,0.64,34,0.3,0,298,0.21,1.0,,60,30,0.17,0.48,0.06,2.57,8.3
242,83.2,61,254,0.2,0.2,,16.1,3.0,0.3,9,6,0.04,12,0.3,1,102,0.08,0.1,,,,0.06,0.00,0.00,0.00,2.4
243,85.0,53,223,0.6,0.1,,14.0,3.0,0.3,8,6,0.04,12,0.1,0,116,0.07,0.1,, , ,0.00,0.00,0.00,0.00,2.8
244,89.3,36,152,0.8,0.0,,9.3,1.4,0.5,3,4,0.05,15,0.2,0,124,0.02,0.1,,,,0.05,0.00,0.00,0.00,3.3
245,82.2,63,264,0.7,0.0,,16.9,1.0,0.2,4,4,0.03,9,0.6,3,95,0.04,0.1,,48,24,0.00,0.00,0.00,0.00,0.0
246,75.0,88,370,1.5,0.3,,22.4,3.4,0.7,21,31,0.15,34,0.2,1,283,0.11,0.2,,,,0.12,0.04,0.09,0.00,35.9
247,88.3,41,173,0.9,0.2,,10.2,3.2,0.4,18,12,0.36,13,0.4,2,113,0.08,0.4,,154,77,0.03,0.10,0.00,0.00,24.9
248,94.6,19,80,0.3,0.1,,4.8,0.7,0.3,8,6,0.05,12,0.4,5,87,0.06,0.1,,146,73,0.00,0.00,0.00,0.00,0.0
249,84.0,56,233,0.4,0.0,,15.1,0.4,0.5,5,13,0.13,40,0.3,1,485,0.19,0.7,,,,0.12,0.17,0.05,0.00,8.1
250,22.0,276,1154,3.2,0.5,,72.5,6.4,1.9,37,59,0.34,55,0.6,0,723,0.29,0.7,,,,0.31,0.00,0.10,0.00,7.2
251,89.2,38,158,0.8,0.1,,9.6,0.9,0.3,13,8,0.04,12,0.1,0,131,0.03,0.0,,47,24,0.06,0.02,0.02,0.00,48.8
252,90.4,36,151,0.5,0.0,,8.8,0.0,0.3,4,6,0.02,9,0.0,0,119,0.02,0.0,,51,26,0.06,0.00,0.03,0.00,41.8
253,51.3,262,1096,2.1,19.1,,26.5,12.7,1.1,46,121,0.55,53,0.6,4,401,0.39,0.9,,2363,1181,0.04,0.00,0.11,0.00,18.0
254,89.3,37,155,0.8,0.0,,9.4,2.0,0.5,12,11,0.03,13,0.1,0,152,0.04,0.4,,,,0.05,0.06,0.03,0.00,24.1
255,90.2,34,142,0.5,0.1,,8.8,1.3,0.4,11,8,0.05,13,0.2,6,154,0.04,0.1,,,,0.00,0.06,0.00,0.00,4.0
256,85.0,53,221,0.7,0.2,,13.6,0.9,0.6,7,5,0.13,12,0.1,0,162,0.11,0.0,,5,3,0.00,0.00,0.03,0.00,3.3
257,86.1,49,205,0.6,0.2,,12.7,0.9,0.5,8,6,0.07,23,0.2,8,159,0.05,0.0,,,,0.02,0.02,0.00,0.00,1.9
258,85.1,58,241,0.0,0.0,,14.7,0.2,0.2,9,7,0.20,10,0.1,10,54,0.13,0.1,,,,0.07,0.02,0.05,0.00,21.0
259,,884,3699,,100.0,,,,,,,,,,,,,,,,,,,,,
260,,884,3699,,100.0,,,,,,,,,,,,,,,,,,,,,
261,15.8,726,3037,0.4,82.4,201,0.1,,1.4,9,1,0.00,28,0.2,579,15,0.00,0.0,924,,,0.00,0.00,0.00,0.00,0.0
262,13.6,758,3170,0.4,86.0,214,0.0,,0.1,4,1,0.00,7,0.0,4,5,0.04,0.0,1013,,,0.00,0.00,0.00,0.00,0.0
263,32.2,596,2494,0.0,67.4,,0.0,,1.9,6,1,0.00,7,0.1,894,21,0.00,0.0,462,,,0.00,0.00,0.00,0.00,0.0
264,19.6,723,3023,0.0,81.7,,0.0,,0.2,3,1,0.00,4,0.1,78,2,0.00,0.0,534,,,0.00,0.00,0.00,0.00,0.0
265,32.0,594,2487,0.0,67.2,,0.0,,1.2,5,1,0.00,6,0.0,561,15,0.00,0.0,385,,,0.00,0.00,0.00,0.00,0.0
266,33.4,593,2482,0.0,67.1,,0.0,,0.1,5,1,0.00,7,0.1,33,5,0.00,0.0,245,,,0.00,0.00,0.00,0.00,0.0
267,,884,3699,,100.0,,,,,,,,,,,,,,,,,,,,,
268,,884,3699,,100.0,,,,,,,,,,,,,,,,,,,,,
269,,884,3699,,100.0,,,,,,,,,,,,,,,,,,,,,
270,,884,3699,,100.0,,,,,,,,,,,,,,,,,,,,,
271,,884,3699,,100.0,,,,,,,,,,,,,,,,,,,,,
272,,884,3699,,100.0,,,,,,,,,,,,,,,,,,,,,
273,74.3,112,467,23.5,1.2,103,0.0,,1.6,23,20,0.00,338,0.5,334,156,0.03,0.5,0,0,0,0.00,0.00,0.00,0.44,
274,79.7,91,381,19.3,0.9,87,0.0,,0.9,17,16,0.00,351,0.3,189,146,0.03,0.4,0,0,0,0.00,0.00,0.00,0.00,
275,86.4,59,247,13.1,0.4,31,0.0,,0.6,10,14,0.01,91,0.1,79,148,0.14,0.4,0,0,0,0.04,0.00,0.00,4.60,
276,71.0,130,542,27.6,1.3,136,0.0,,1.6,20,22,0.00,581,0.3,305,279,0.00,0.4,6,6,6,0.03,0.00,0.00,0.44,
277,64.5,166,694,26.2,6.0,53,0.0,,1.5,7,29,0.00,211,1.2,362,280,0.04,0.6,0,0,0,0.15,0.03,0.00,3.17,
278,73.1,118,492,25.7,0.9,48,0.0,,1.3,7,32,0.00,254,1.3,30,308,0.09,0.4,20,20,20,0.00,0.04,0.00,5.94,
279,47.9,136,569,29.0,1.3,139,0.0,,22.5,157,49,0.03,186,0.9,13585,434,0.09,0.7,0,0,0,0.00,0.21,0.00,,
280,65.9,140,584,24.0,3.6,112,1.2,,5.3,59,15,0.00,51,0.2,1256,50,0.04,0.6,0,0,0,0.03,0.05,0.00,5.17,0.0
281,60.6,208,872,25.0,10.0,75,3.1,0.5,1.4,30,26,0.06,462,1.0,160,420,0.00,0.6,17,17,17,0.00,0.00,0.00,0.77,
282,75.9,116,485,25.6,0.7,83,0.0,,1.2,10,21,0.00,204,0.3,115,249,0.03,0.6,12,12,12,0.00,0.04,0.00,9.77,
283,81.4,83,349,17.9,0.8,36,0.0,,1.2,9,19,0.04,181,0.2,176,299,0.13,0.3,6,6,6,0.04,0.00,0.00,1.31,
284,78.7,90,377,19.0,1.0,241,0.0,,1.7,90,19,0.06,266,1.3,367,102,0.17,1.2,0,0,0,0.00,0.00,0.00,1.07,
285,89.1,47,197,10.0,0.5,124,0.0,,0.8,51,27,0.04,234,0.7,201,72,0.11,0.7,20,20,20,0.00,0.00,0.00,0.00,
286,61.0,231,968,18.4,15.6,283,2.9,,2.1,960,74,0.38,337,2.4,99,107,0.19,1.1,0,0,0,0.05,0.00,0.00,0.35,
287,77.0,83,346,18.5,0.4,85,0.0,,3.5,357,52,0.07,154,2.9,360,186,0.72,5.7,0,0,0,0.04,0.31,0.00,4.17,0.0
288,75.6,128,536,17.4,6.0,40,0.0,,1.0,40,23,0.02,190,0.5,47,317,0.03,0.4,0,0,0,0.00,0.00,0.00,1.87,
289,59.9,261,1094,19.9,19.6,80,0.0,,1.0,22,24,0.01,221,1.0,40,326,0.03,0.7,0,0,0,0.13,0.06,0.00,2.70,
290,64.6,239,999,20.1,16.9,75,0.0,,0.8,65,23,0.02,185,0.6,37,254,0.05,1.0,0,0,0,0.00,0.00,0.00,2.09,
291,79.2,101,423,18.9,2.2,73,0.0,,1.0,39,25,0.02,154,0.3,45,293,0.02,0.4,8,8,8,0.00,0.08,0.00,,
292,79.4,94,392,18.6,1.6,67,0.0,,1.1,,24,0.01,183,0.4,68,339,0.03,0.4,65,65,65,0.12,0.05,0.00,2.62,
293,69.0,147,613,26.8,3.6,117,0.0,,1.3,60,24,0.03,176,0.5,85,291,0.02,0.7,0,0,0,0.11,0.10,0.00,4.23,
294,73.6,100,419,23.4,2.6,123,0.0,,0.9,69,22,0.02,164,0.6,68,194,0.03,0.7,6,6,6,0.00,0.03,0.00,0.77,
295,76.2,131,549,18.8,5.6,52,0.0,,1.1,12,26,0.01,189,0.2,40,393,0.02,0.5,0,0,0,0.00,0.00,0.00,3.70,
296,71.9,131,547,16.8,6.5,159,0.0,,3.6,1181,45,0.28,696,0.9,48,244,0.09,3.3,4,4,4,0.05,0.00,0.00,3.30,
297,40.1,327,1368,28.4,22.8,246,0.0,,6.2,1881,66,0.34,1067,0.8,65,331,0.31,5.6,9,9,9,0.25,0.03,0.04,8.93,
298,72.2,152,634,15.7,9.4,144,0.0,,2.2,590,32,0.41,441,0.6,41,207,0.05,2.4,0,0,0,0.00,0.03,0.07,1.86,
299,41.3,344,1437,23.5,22.6,282,10.2,0.4,2.4,763,47,0.36,578,3.0,37,319,0.15,3.8,30,30,30,0.05,0.07,0.00,0.79,
300,40.7,349,1462,30.1,24.5,270,0.0,,4.2,575,32,0.21,735,0.9,41,318,0.14,3.2,12,12,12,0.03,0.03,0.00,7.27,
301,70.7,122,510,26.6,0.9,91,0.0,,1.2,36,20,0.03,273,0.4,120,364,0.03,0.9,0,0,0,0.05,0.00,0.00,7.97,
302,82.1,89,373,16.6,2.0,57,0.0,,1.1,20,27,0.01,185,0.2,80,340,0.00,0.3,0,0,0,0.00,0.00,0.00,1.34,
303,63.5,192,802,26.9,8.5,109,0.0,,1.5,36,38,0.02,279,0.4,90,447,0.03,0.6,0,0,0,0.05,0.00,0.00,0.77,
304,79.6,111,464,16.3,4.6,51,0.0,,0.9,16,19,0.01,136,0.2,76,261,0.00,0.3,3,3,3,0.00,0.04,0.00,0.60,
305,57.0,223,933,27.4,11.8,165,0.0,,3.2,378,30,0.06,504,0.5,107,355,0.08,1.1,39,39,39,0.08,0.11,0.00,8.07,
306,53.2,283,1186,21.4,19.1,73,5.0,0.0,1.2,26,28,0.07,216,0.9,91,216,0.03,0.4,18,18,18,0.00,0.03,0.00,0.60,
307,79.5,107,449,16.7,4.0,65,0.0,,0.9,14,23,0.01,141,0.2,77,253,0.00,0.3,48,48,48,0.00,0.05,0.00,3.10,
308,66.8,154,645,28.6,3.6,81,0.0,,1.7,10,21,0.00,204,0.3,115,249,0.03,0.6,4,4,4,0.14,0.00,0.00,8.87,
309,74.5,142,594,11.8,8.0,43,5.0,0.8,0.7,20,18,0.08,105,1.5,51,208,0.36,0.3,19,,,0.00,0.03,0.00,1.10,6.9
310,80.6,76,320,15.5,1.1,84,0.0,,2.0,332,34,0.07,327,0.5,120,304,0.10,0.6,0,0,0,0.08,0.00,0.00,6.60,
311,57.0,192,801,36.5,4.0,126,0.0,,2.0,114,42,0.08,332,0.8,81,527,0.04,2.1,7,7,7,0.03,0.00,0.00,6.63,
312,80.3,91,381,18.6,1.3,50,0.0,,1.1,12,24,0.01,174,0.2,43,294,0.03,0.4,0,0,0,0.00,0.00,0.00,4.95,
313,65.5,152,637,30.8,2.3,99,0.0,,1.6,69,27,0.03,237,0.5,53,360,0.04,0.8,5,5,5,0.03,0.00,0.00,2.87,
314,79.2,93,389,20.5,0.6,49,0.0,,1.3,26,24,0.05,207,0.4,67,313,0.04,0.7,5,5,5,0.00,0.00,0.00,1.19,
315,60.9,229,957,23.9,14.0,85,0.0,,1.3,29,28,0.02,300,0.5,85,384,0.04,0.6,0,0,0,0.13,0.06,0.00,5.35,
316,69.0,170,710,19.3,9.7,53,0.0,,1.2,9,27,0.00,259,0.2,64,376,0.02,0.3,0,0,0,0.20,0.03,0.00,3.21,
317,58.1,243,1015,26.1,14.5,73,0.0,,1.6,15,38,0.01,352,0.4,96,518,0.04,0.5,0,0,0,0.23,0.03,0.00,6.30,
318,60.1,164,688,32.2,3.0,109,0.0,,4.4,438,51,0.24,578,1.3,74,574,0.14,1.8,0,0,0,0.06,0.00,0.00,5.83,
319,55.1,285,1192,15.9,24.0,73,0.0,,2.9,550,35,0.11,496,3.5,666,367,0.03,1.6,0,0,0,0.42,0.04,0.00,6.55,
320,48.5,257,1075,33.4,12.7,103,0.0,,4.3,482,39,0.25,629,1.1,60,460,0.14,1.6,0,0,0,0.06,0.00,0.00,7.10,
321,76.6,114,477,21.1,2.7,61,0.0,,1.6,167,29,0.10,294,1.3,60,312,0.13,1.3,0,0,0,0.00,0.07,0.00,7.70,
322,79.9,88,367,18.0,1.2,47,0.0,,1.0,19,26,0.01,168,0.3,57,288,0.10,0.4,0,0,0,0.00,0.05,0.00,0.90,
323,73.7,129,539,13.5,6.7,38,2.9,,3.3,23,15,0.04,225,0.9,943,270,0.03,1.6,0,,,0.62,0.04,0.00,0.70,0.0
324,2.9,241,1007,7.8,16.6,0,15.1,0.6,57.6,129,22,0.02,123,0.0,22180,218,0.00,0.0,0, ,,0.70,0.07,0.27,0.00,
325,3.4,251,1052,6.3,20.4,2,10.6,11.8,59.3,16,13,0.13,48,0.7,22300,68,0.00,0.3,0, , ,0.05,0.04,0.00,,
326,61.6,212,889,26.7,10.9,103,0.0,,0.8,4,17,0.01,164,2.7,52,256,0.06,8.1,0,0,0,0.00,0.32,0.00,1.76,
327,72.7,137,571,19.4,5.9,58,0.0,,0.9,3,14,0.00,158,1.8,49,237,0.08,6.3,2,2,2,0.15,0.21,0.03,4.33,
328,60.4,215,898,27.3,10.9,107,0.0,,0.8,7,14,0.00,164,2.4,56,254,0.07,8.0,0,0,0,0.00,0.04,0.07,1.63,
329,71.5,144,603,20.8,6.1,53,0.0,,1.0,5,13,0.00,144,1.5,50,234,0.04,5.2,2,2,2,0.12,0.12,0.00,2.33,
330,64.3,189,792,12.3,11.2,34,9.8,,2.4,22,24,0.17,145,1.6,621,328,0.15,2.3,0, , ,0.11,0.04,0.00,2.20, 
331,48.1,272,1137,18.2,15.8,36,14.3,,3.7,27,48,0.41,244,1.9,1030,536,0.19,2.6,0, , ,0.13,0.07,0.00,6.60,
332,74.1,133,557,21.6,4.5,245,0.0,,0.3,13,7,0.01,63,0.6,38,70,0.05,2.5,0,0,0,0.00,0.00,0.00,2.18,
333,75.0,137,574,20.5,5.5,145,0.0,,0.4,9,6,0.01,61,0.5,45,85,0.06,2.1,0,0,0,0.00,0.00,0.00,2.13,
334,64.8,217,908,19.2,15.0,63,0.0,,0.9,6,17,0.01,144,1.5,58,267,0.06,3.5,4,4,4,0.09,0.09,0.12,1.55,
335,47.9,312,1304,30.7,20.0,120,0.0,,1.1,7,18,0.00,214,2.6,81,323,0.13,6.2,0,0,0,0.00,0.06,0.00,1.74,
336,73.0,131,548,21.5,4.3,58,0.0,,1.0,6,20,0.00,178,2.0,79,325,0.06,4.6,0,0,0,0.00,0.04,0.00,1.81,
337,53.7,239,1002,35.1,10.0,80,0.0,,1.3,9,26,0.01,287,2.8,83,385,0.12,7.6,0,0,0,0.03,0.08,0.00,1.86,
338,45.8,263,1099,36.4,11.9,113,0.0,,3.6,15,13,0.02,101,3.5,1443,90,0.07,6.1,0,0,0,0.05,0.07,0.00,1.50,
339,44.5,249,1041,22.7,16.8,81,0.0,,14.5,15,13,0.00,122,1.5,5875,236,0.03,3.9,0,0,0,0.12,0.07,0.00,1.63,
340,42.2,352,1471,20.6,24.0,99,12.2,0.4,1.1,15,27,0.27,203,2.9,77,271,0.10,2.9,15,,,0.07,0.04,0.00,3.02,
341,66.4,202,847,19.8,13.1,52,0.0,,1.0,3,14,0.00,164,1.6,39,245,0.04,4.4,3,3,3,0.14,0.08,0.00,2.68,
342,52.2,275,1150,29.9,16.3,98,0.0,,1.2,4,24,0.01,252,2.8,51,383,0.08,6.7,0,0,0,0.00,0.19,0.17,2.75,
343,65.7,206,861,21.2,12.8,73,0.0,,0.9,4,18,0.01,164,1.3,44,285,0.04,2.8,4,4,4,0.11,0.08,0.03,3.79,
344,51.7,278,1163,32.4,15.5,144,0.0,,1.2,4,19,0.00,219,2.4,57,352,0.09,4.8,0,0,0,0.00,0.18,0.13,4.91,
345,69.1,157,655,24.0,6.0,59,0.0,,1.0,4,21,0.00,184,1.7,53,335,0.05,3.2,0,0,0,0.00,0.20,0.00,4.64,
346,57.5,194,810,35.9,4.5,102,0.0,,1.3,5,21,0.00,241,2.4,58,386,0.09,5.1,0,0,0,0.00,0.17,0.16,4.93,
347,43.2,373,1561,28.8,27.7,95,0.0,,1.0,28,20,0.00,179,2.2,92,270,0.08,5.5,0,0,0,0.00,0.08,0.35,0.56,
348,52.7,358,1497,16.7,31.8,44,0.0,,0.9,,12,0.00,130,1.2,70,151,0.00,2.7,5,5,5,0.12,0.11,0.00,5.99,
349,58.5,217,906,31.9,8.9,71,0.0,,0.9,4,14,0.00,189,1.7,41,252,0.07,5.0,2,2,2,0.00,0.00,0.00,3.26,
350,69.8,148,619,21.5,6.2,60,0.0,,1.1,3,21,0.00,189,1.9,49,358,0.05,2.8,2,2,2,0.12,0.20,0.00,4.38,
351,58.0,219,915,32.4,8.9,84,0.0,,1.2,4,13,0.00,183,2.6,44,239,0.11,4.7,2,2,2,0.00,0.00,0.00,4.09,
352,68.6,169,707,21.2,8.7,84,0.0,,1.0,3,21,0.00,175,1.9,61,335,0.05,2.6,3,3,3,0.12,0.19,0.00,2.32,
353,48.4,330,1381,28.6,23.0,91,0.0,,1.0,8,18,0.00,212,2.7,72,321,0.08,5.3,0,0,0,0.00,0.08,0.14,2.16,
354,64.8,221,926,19.5,15.3,51,0.0,,0.9,4,13,0.00,220,1.1,47,151,0.03,2.4,3,3,3,0.11,0.05,0.03,3.33,
355,71.3,141,590,20.7,5.4,393,1.1,,1.5,4,12,0.26,334,5.6,76,265,9.01,3.5,7937,7937,7937,0.14,0.90,0.00,10.66,
356,55.0,225,942,29.9,9.0,601,4.2,,2.0,6,10,0.22,420,5.8,82,309,12.58,4.0,14574,14574,14574,0.21,2.69,0.00,11.92,
357,71.9,143,598,21.6,5.6,55,0.0,,1.1,3,21,0.01,193,1.9,49,322,0.08,2.8,4,4,4,0.12,0.10,0.04,1.78,
358,57.0,220,919,32.8,8.8,103,0.0,,1.3,4,28,0.02,308,2.9,58,326,0.14,4.1,0,0,0,0.03,0.08,0.05,4.27,
359,62.0,196,818,29.4,7.8,62,0.0,,0.9,4,14,0.00,181,2.8,42,249,0.07,5.6,2,2,2,0.00,0.00,0.00,2.32,
360,72.1,141,592,20.0,6.2,50,0.0,,1.0,3,18,0.00,167,1.6,54,324,0.05,4.5,2,2,2,0.11,0.16,0.00,3.28,
361,49.7,338,1416,24.2,26.0,65,0.0,,0.7,3,14,0.00,161,2.0,39,207,0.07,6.5,0,0,0,0.00,0.05,0.07,1.61,
362,65.4,221,924,17.6,16.1,54,0.0,,0.9,3,16,0.00,131,1.5,51,274,0.04,4.2,5,5,5,0.08,0.07,0.03,3.56,
363,57.6,222,931,32.9,9.1,56,0.0,,0.9,4,13,0.00,167,1.9,48,254,0.05,7.0,3,3,3,0.00,0.00,0.00,2.55,
364,71.0,135,564,20.5,5.2,56,0.0,,1.1,3,20,0.00,185,1.3,54,362,0.05,2.4,2,2,2,0.10,0.14,0.03,2.19,
365,53.4,315,1318,21.4,24.8,105,0.0,,0.7,6,12,0.01,136,2.1,59,175,0.08,4.1,0,0,0,0.00,0.08,0.00,1.83,
366,65.0,215,901,17.1,15.8,118,0.0,,0.8,5,15,0.02,164,1.7,73,251,0.09,2.9,0,0,0,0.05,0.04,0.00,1.18,
367,70.0,153,639,20.9,7.0,51,0.0,,1.0,3,16,0.00,181,1.1,37,274,0.03,3.5,3,3,3,0.12,0.08,0.03,4.27,
368,65.3,153,641,30.7,2.4,88,0.0,,1.4,4,21,0.00,237,2.4,58,386,0.08,5.6,0,0,0,0.00,0.04,0.13,1.46,
369,69.5,163,681,21.6,7.8,60,0.0,,1.0,3,20,0.01,165,2.0,43,299,0.06,3.0,4,4,4,0.12,0.07,0.00,3.59,
370,52.4,241,1010,31.9,11.6,92,0.0,,1.2,5,26,0.02,279,3.2,52,385,0.11,4.8,0,0,0,0.03,0.05,0.05,4.66,
371,62.8,194,811,31.2,6.7,56,0.0,,0.9,5,13,0.00,176,2.4,62,253,0.08,6.4,2,2,2,0.00,0.00,0.00,1.97,
372,72.4,142,592,21.6,5.5,51,0.0,,1.0,4,17,0.00,162,1.9,66,296,0.05,3.7,2,2,2,0.09,0.19,0.04,2.79,
373,70.6,159,664,21.4,7.5,58,0.0,,0.9,4,14,0.00,158,1.8,65,250,0.08,3.7,0,0,0,0.00,0.04,0.02,0.91,
374,62.9,194,810,29.7,7.4,56,0.0,,0.8,6,18,0.00,197,2.2,58,250,0.10,6.8,0,0,0,0.03,0.04,0.00,2.16,
375,72.1,141,590,21.0,5.7,42,0.0,,1.0,4,18,0.00,163,1.9,66,319,0.05,3.3,3,3,3,0.13,0.21,0.00,2.67,
376,72.9,133,558,21.7,4.5,56,0.0,,1.0,3,20,0.01,170,1.8,49,318,0.05,4.5,2,2,2,0.11,0.08,0.00,3.61,
377,55.2,219,917,35.9,7.3,126,0.0,,1.3,5,27,0.02,289,3.0,60,421,0.12,8.1,0,0,0,0.04,0.03,0.00,3.01,
378,51.2,338,1416,22.2,27.0,100,0.0,,0.7,4,14,0.00,136,1.6,56,204,0.05,3.9,0,0,0,0.00,0.30,0.00,4.54,
379,61.5,259,1085,17.6,20.4,59,0.0,,0.9,4,15,0.00,124,1.3,64,241,0.06,2.6,4,4,4,0.11,0.07,0.03,3.91,
380,65.6,213,891,18.8,14.7,60,0.0,,0.9,2,14,0.00,165,1.7,38,232,0.06,3.8,3,3,3,0.13,0.16,0.00,4.77,
381,53.4,289,1208,26.4,19.5,92,0.0,,1.1,4,24,0.00,246,3.2,60,355,0.14,5.5,0,0,0,0.03,0.06,0.13,1.60,
382,72.4,134,559,21.3,4.7,75,0.0,,1.0,3,20,0.00,183,2.1,61,322,0.08,4.2,0,0,0,0.00,0.05,0.00,1.89,
383,54.6,238,998,31.9,11.3,100,0.0,,1.2,4,25,0.02,282,3.6,61,377,0.17,6.7,0,0,0,0.00,0.08,0.03,1.82,
384,47.2,313,1309,26.9,21.9,100,0.0,,4.7,13,12,0.02,82,1.9,1943,86,0.03,7.7,0,0,0,0.00,0.06,0.00,2.32,
385,39.2,313,1309,19.7,25.4,92,0.0,,15.3,14,12,0.01,100,1.3,4440,190,0.00,3.7,0,0,0,0.00,0.07,0.00,2.83,
386,42.2,283,1184,9.6,11.8,15,34.5,5.0,1.8,18,17,0.28,93,1.3,532,166,0.09,0.5,0,,,0.09,0.00,0.00,2.60,0.0
387,56.0,246,1028,12.0,15.6,30,13.9,,2.5,15,24,0.34,144,2.5,711,221,0.10,2.7,0,,,0.11,0.04,0.00,1.95,0.0
388,39.2,347,1451,16.9,22.7,38,18.1,,3.1,18,30,0.39,176,2.3,916,313,0.09,3.3,0,,,0.14,0.04,0.00,4.77,0.0
389,28.2,358,1499,6.9,15.6,23,47.5,2.2,1.8,16,18,0.32,78,1.2,525,138,0.07,0.6,0,,,0.12,0.00,0.00,0.00, 
390,32.0,377,1579,7.3,22.9,23,35.5,2.2,2.2,14,17,0.25,78,0.7,771,156,0.09,0.5,0,,,0.11,0.00,0.03,0.00, 
391,67.5,213,892,18.1,15.1,113,0.0,,0.7,11,23,0.01,155,0.6,96,211,0.02,1.2,10,10,10,0.11,0.04,0.00,2.58,
392,59.7,243,1016,23.9,15.6,110,0.0,,0.8,17,18,0.01,162,1.7,56,210,0.08,1.7,16,16,16,0.03,0.00,0.00,6.33,
393,61.4,196,819,29.6,7.7,106,0.0,,1.1,66,23,0.02,210,2.1,53,224,0.15,2.7,6,6,6,0.03,0.03,0.00,9.20,
394,69.1,222,927,12.6,18.6,159,0.0,,0.8,6,20,0.05,193,4.1,95,220,0.20,2.0,9,9,9,0.23,0.35,0.00,3.39,
395,63.5,207,867,22.4,12.1,280,0.6,,1.3,8,20,0.06,276,6.5,128,243,0.30,3.4,0,0,0,0.20,0.19,0.00,9.70,
396,59.8,215,900,28.5,10.4,145,0.1,,1.3,8,14,0.00,251,1.2,95,318,0.05,2.6,6,6,6,0.05,0.05,0.00,10.40,
397,72.9,161,676,17.1,9.8,97,0.0,,0.8,8,26,0.02,185,0.7,95,275,0.03,2.0,10,10,10,0.16,0.05,0.00,2.04,
398,66.7,167,701,26.9,5.8,133,0.0,,0.9,12,11,0.00,187,0.8,64,191,0.03,2.8,0,0,0,0.07,0.00,0.00,8.20,
399,76.4,120,502,17.8,4.9,91,0.0,,0.9,8,27,0.02,196,0.8,98,291,0.03,2.2,12,12,12,0.17,0.05,0.00,3.53,
400,77.8,106,446,17.6,3.5,341,0.0,,1.2,6,28,0.35,344,9.5,82,281,0.26,3.7,3863,3863,3863,0.62,0.56,0.00,6.36,
401,54.9,221,924,28.5,7.8,84,7.5,1.1,1.3,9,35,0.06,249,1.1,122,408,0.05,0.8,7,7,7,0.05,0.04,0.52,11.07,
402,66.5,226,947,16.4,17.3,85,0.0,,0.7,6,24,0.01,174,0.6,63,217,0.04,1.1,7,7,7,0.08,0.03,0.00,3.28,
403,63.2,187,784,28.0,7.5,111,0.0,,1.2,9,14,0.00,233,0.6,70,283,0.03,1.6,0,0,0,0.09,0.00,0.00,11.20,
404,67.5,170,713,25.0,7.1,99,0.0,,0.9,8,12,0.00,194,0.5,51,217,0.04,1.2,0,0,0,0.10,0.00,0.00,12.83,
405,74.9,129,540,20.6,4.6,78,0.0,,0.9,7,27,0.01,190,0.5,73,238,0.03,1.2,4,4,4,0.12,0.03,0.00,3.28,
406,58.5,212,886,33.4,7.6,109,0.0,,1.5,8,18,0.01,297,0.5,56,380,0.01,1.0,6,6,6,0.12,0.00,0.00,15.80,
407,71.9,149,625,20.8,6.7,80,0.0,,0.9,8,28,0.01,213,0.4,62,252,0.05,0.6,4,4,4,0.09,0.00,0.00,2.58,
408,65.6,163,681,31.5,3.2,89,0.0,,1.0,6,14,0.00,224,0.3,36,231,0.02,0.9,0,0,0,0.10,0.00,0.00,7.60,
409,74.8,119,499,21.5,3.0,59,0.0,,1.0,7,31,0.01,222,0.4,56,267,0.03,0.7,2,2,2,0.10,0.00,0.00,5.86,
410,63.8,159,666,32.0,2.5,89,0.0,,1.4,5,18,0.00,295,0.3,50,387,0.02,0.8,0,0,0,0.11,0.00,0.00,24.83,
411,55.0,260,1086,28.7,15.2,158,0.0,,1.3,11,15,0.00,252,1.2,96,323,0.06,2.2,8,8,8,0.10,0.05,0.00,11.20,
412,63.6,255,1065,15.5,20.9,88,0.0,,0.8,7,22,0.01,154,0.7,68,190,0.05,1.3,7,7,7,0.09,0.06,0.00,3.40,
413,55.6,233,974,29.2,12.0,145,0.0,,1.5,12,17,0.00,281,1.2,106,382,0.07,2.2,11,11,11,0.10,0.05,0.00,10.20,
414,72.7,162,677,17.6,9.6,84,0.0,,0.9,6,26,0.02,187,0.9,80,241,0.06,1.7,4,4,4,0.12,0.06,0.00,4.06,
415,63.6,215,899,13.2,16.2,70,4.2,,2.9,34,25,0.36,141,1.9,869,383,0.16,1.7,0,,,0.06,0.08,0.04,3.53,
416,52.5,258,1081,20.0,17.0,49,6.3,,4.2,62,60,0.52,324,3.0,1252,660,0.17,3.2,0,,,0.13,0.06,0.00,2.73,
417,59.2,210,878,13.2,12.4,59,11.3,,3.9,56,48,0.40,263,2.6,1090,538,0.18,3.0,0,,,0.18,0.06,0.00,5.77,
418,64.8,218,913,14.2,17.4,64,0.0,,3.3,11,19,0.05,182,0.5,1126,280,0.05,0.7,0,,,0.11,0.05,0.00,4.60,
419,59.6,245,1027,18.3,18.5,76,0.0,,3.8,15,29,0.10,262,0.8,1374,364,0.04,1.2,0,,,0.11,0.05,0.00,5.67,
420,58.6,244,1019,18.2,18.4,80,0.0,,3.8,14,21,0.10,228,0.7,1351,356,0.09,1.0,0,,,0.12,0.04,0.00,5.97,
421,62.5,227,951,16.1,17.6,53,0.0,,3.2,6,14,0.01,157,0.4,1176,316,0.04,1.4,0,,,0.49,0.05,0.00,2.60,
422,54.6,280,1170,20.5,21.3,75,0.0,,3.9,8,18,0.01,211,0.9,1432,409,0.06,3.1,0,,,0.41,0.07,0.00,5.83,
423,50.5,296,1241,23.2,21.9,82,0.0,,4.0,8,19,0.01,210,1.0,1456,427,0.07,3.5,0,,,0.40,0.07,0.00,6.60,
424,56.4,269,1125,12.0,21.6,83,5.8,,4.1,67,19,0.11,216,1.5,1212,247,0.08,1.0,25,,,0.14,0.06,0.00,3.00,
425,65.3,163,682,26.2,5.7,91,0.0,,2.2,14,12,0.02,197,0.6,628,175,0.03,1.2,0,0,0,0.06,0.00,0.00,6.23,
426,78.2,94,392,18.1,1.8,68,0.0,,2.5,10,19,0.00,217,0.9,711,281,0.36,1.4,0,0,0,0.06,0.00,0.00,4.23,
427,67.7,164,687,21.5,8.0,56,0.0,,1.0,6,24,0.00,195,0.5,54,335,0.07,1.4,0,0,0,0.90,0.00,0.00,2.65,
428,47.3,311,1302,33.7,18.5,126,0.0,,1.6,69,29,0.01,290,0.8,63,404,0.07,2.2,10,10,10,0.34,0.00,0.00,3.25,
429,51.8,280,1172,28.9,17.4,82,0.0,,1.2,34,25,0.00,229,0.9,51,366,0.06,2.3,0,0,0,0.77,0.14,0.03,1.92,
430,36.9,402,1683,30.2,30.3,113,0.0,,1.4,17,14,0.00,201,1.0,63,246,0.07,3.1,0,0,0,0.71,0.05,0.00,10.63,
431,61.2,256,1069,18.0,19.8,69,0.0,,0.9,15,18,0.00,159,0.9,88,248,0.05,2.3,0,0,0,0.62,0.00,0.00,8.27,
432,56.6,210,880,35.7,6.4,103,0.0,,1.4,20,18,0.00,238,0.5,39,311,0.03,1.8,0,0,0,0.75,0.07,0.11,12.43,
433,67.7,176,735,22.6,8.8,55,0.0,,1.0,4,24,0.00,195,0.5,53,334,0.01,0.9,0,0,0,0.95,0.00,0.00,13.83,
434,59.7,258,1082,18.5,19.9,83,0.0,,2.0,5,2,0.01,31,1.4,616,228,0.23,0.6,0,0,0,0.07,0.03,0.00,0.00,
435,49.3,262,1097,32.1,13.9,110,0.0,,1.4,18,27,0.01,247,1.3,62,395,0.09,3.3,0,0,0,0.77,0.09,0.00,6.57,
436,67.1,186,778,20.1,11.1,59,0.0,,1.0,13,23,0.00,192,0.9,102,256,0.16,1.7,0,0,0,1.06,0.06,0.00,5.67,
437,43.8,377,1579,15.6,34.5,89,0.0,,3.5,22,4,0.01,42,0.6,1158,24,0.05,1.4,0,0,0,0.20,0.06,0.00,1.43,
438,73.9,128,535,14.4,6.8,40,1.4,,3.5,12,17,0.04,274,0.7,1021,295,0.04,1.3,0, , ,0.62,0.03,0.00,3.78,
439,77.2,94,392,14.3,2.7,36,2.1,,3.7,23,18,0.04,244,0.8,1039,307,0.04,1.5,0, , ,0.50,0.03,0.00,4.00,
440,69.0,136,570,14.6,2.7,34,12.9,1.9,0.9,16,36,0.76,174,2.2,40,288,0.51,4.1,0,,,0.04,0.04,0.00,1.81,0.0
441,74.5,109,458,12.4,1.7,27,10.8,1.6,0.7,12,26,0.39,126,1.7,39,242,0.13,2.8,0,,,0.09,0.03,0.00,1.20,0.0
442,54.0,254,1062,14.9,15.8,38,12.3,,3.0,22,39,0.72,166,2.0,836,322,0.16,2.8,0,,,0.12,0.10,0.00,1.50,0.0
443,34.7,398,1665,25.8,30.6,85,2.9,,5.9,87,30,0.03,354,1.3,1574,548,0.05,3.2,0,,,0.88,0.23,0.00,12.49,
444,27.6,593,2479,11.5,60.3,73,0.0,,0.3,2,4,0.00,35,0.4,50,58,0.11,0.2,0,0,0,0.00,0.00,0.00,5.10,
445,6.3,697,2914,27.3,64.3,89,0.0,,0.7,9,9,0.01,95,0.9,125,171,0.10,0.8,0,0,0,0.00,0.00,0.00,5.03,
446,87.7,55,231,2.1,1.9,5,7.6,0.3,0.7,89,9,0.00,63,0.0,46,62,0.02,0.2,0,,,0.03,0.14,0.00,0.33,2.1
447,70.9,221,927,1.5,22.5,66,4.5,,0.6,83,8,0.01,118,0.3,52,119,0.02,0.3,128,,,0.00,0.10,0.00,0.00,0.0
448,90.0,51,215,4.1,3.0,14,1.9,,0.9,143,11,0.00,119,0.0,52,71,0.02,0.4,23,,,0.04,0.22,0.00,0.00,0.9
449,89.2,41,174,3.8,0.3,3,5.8,,0.9,157,12,0.00,110,0.0,60,182,0.00,0.5,,,,0.00,0.22,0.00,0.00,0.3
450,,,,,,6,,,,,,,,,,,,,,,,,,,,
451,84.6,70,291,2.7,2.3,7,9.7,0.2,0.6,101,8,0.00,73,0.0,38,52,0.02,0.3,27,,,0.03,0.12,0.02,0.00,0.0
452,85.1,68,284,2.5,2.3,8,9.4,0.7,0.6,95,8,0.00,66,0.1,37,52,0.02,0.3,21,,,0.02,0.10,0.00,0.38,0.0
453,27.0,313,1308,7.7,6.7,28,57.0,,1.6,246,22,0.00,187,0.1,94,329,0.03,0.9,53,,,0.06,0.33,0.57,0.00,2.1
454,87.1,66,278,3.1,3.8,14,5.2,,0.9,112,10,0.00,113,0.1,74,140,0.04,0.4,35,,,0.00,0.14,0.00,0.00,0.0
455,80.9,83,347,2.1,2.2,6,14.2,0.6,0.7,70,13,0.05,71,0.5,72,155,0.04,0.3,39,,,0.07,0.29,0.14,1.23,3.3
456,3.1,362,1513,34.7,0.9,25,53.0,,8.2,1363,109,0.00,1673,0.9,432,1556,0.16,3.8,299,,,0.32,1.20,0.00,0.81,
457,,,,,,4,,,0.8,134,10,0.00,85,0.0,51,140,0.02,0.4,0,,,0.04,0.26,0.00,1.49,0.0
458,,,,,,10,,,0.8,123,10,0.00,82,0.0,64,133,0.02,0.4,21,,,0.04,0.24,0.00,1.52,0.0
459,2.7,497,2078,25.4,26.9,85,39.2,,5.8,890,77,0.00,1242,0.5,323,1132,0.11,2.7,361,,,0.24,1.03,0.00,0.00,
460,81.9,70,291,1.9,0.1,2,15.7,,0.5,72,6,0.02,63,0.0,33,94,0.01,0.3,0,,,0.08,0.11,0.00,0.00,0.5
461,56.1,264,1106,17.4,20.2,62,3.2,,3.0,579,7,0.02,123,0.9,31,105,0.00,0.3,161,,,0.00,0.25,0.00,0.00,0.0
462,47.1,321,1342,21.2,24.6,76,3.6,,3.5,696,27,0.02,403,0.2,501,120,0.07,2.7,111,,,0.03,0.32,0.00,0.00,
463,45.3,330,1380,22.6,25.2,80,3.0,,3.8,875,24,0.03,470,0.3,581,62,0.08,3.5,109,,,0.00,0.20,0.00,0.00,
464,21.2,453,1895,35.6,33.5,106,1.7,,8.0,992,33,0.05,745,0.5,1844,96,0.17,4.4,66,,,0.00,0.44,0.23,0.00,0.0
465,54.4,303,1268,9.4,27.4,82,5.7,,3.1,323,16,0.01,578,0.3,780,194,0.05,1.3,57,,,0.00,0.20,0.00,0.00,0.0
466,72.2,121,507,5.8,2.8,12,18.5,,0.7,731,27,0.02,448,0.1,412,121,0.01,2.7,273,,,0.22,0.27,0.21,2.68,0.0
467,42.4,360,1506,22.7,29.1,91,1.9,,3.9,940,28,0.03,461,0.3,580,73,0.10,3.5,123,,,0.00,0.22,0.00,0.00,
468,62.5,257,1074,9.6,23.4,74,2.4,,2.0,259,12,0.02,448,0.1,558,93,0.05,1.3,195,,,0.00,0.19,0.00,0.00,0.0
469,73.6,140,585,12.6,8.1,49,3.8,,1.9,253,12,0.00,162,0.1,283,112,0.00,0.5,53,,,0.00,0.15,0.00,0.00,0.0
470,93.5,26,107,0.0,0.0,,6.4,,0.1,1,0,0.00,9,0.7,44,13,0.00,0.0,,,,,,,,
471,97.4,9,38,0.7,0.1,,1.5,,0.4,3,10,0.04,9,0.0,1,156,0.01,0.0,,,,,,,,
472,,216,902,,,,,,,0,0,0.00,0,0.0,3,0,0.06,0.0,,,,0.00,0.00,0.00,0.00,
473,81.7,65,273,0.0,0.0,,18.2,0.1,0.1,9,12,0.21,5,0.8,0,18,0.01,0.1,,,,0.00,0.00,0.03,0.00,2.8
474,92.4,41,170,0.6,0.0,,3.3,,0.1,5,7,0.01,19,0.0,4,29,0.00,0.0,,,,0.00,0.00,0.14,2.92,0.0
475,99.6,1,6,0.0,0.0,,0.4,,0.0,2,1,0.01,1,0.0,1,10,0.01,0.0,,,,1.23,0.23, , , 
476,99.3,3,11,0.0,0.1,,0.6,,0.0,1,2,0.27,0,0.0,0,5,0.00,0.0,,,,0.89,0.00, , , 
477,99.4,2,9,0.0,0.0,,0.6,,0.0,0,1,0.09,2,0.0,0,13,0.00,0.0,,,,3.11,0.48, , , 
478,94.3,22,90,0.0,0.0,,5.3,0.1,0.5,19,5,0.25,4,0.0,2,162,0.00,0.0,,,,0.01,0.00,0.00,0.00,2.4
479,92.0,31,129,0.0,0.0,,8.0,,0.0,1,0,0.00,0,0.0,8,2,0.00,0.0,,,,,,,,
480,91.3,34,140,0.0,0.0,,8.7,,0.1,1,0,0.00,17,0.0,7,1,0.00,0.0,,,,,,,,
481,90.0,39,162,0.0,0.0,,10.0,,0.0,1,0,0.00,0,0.0,9,1,0.00,0.0,,,,,,,,
482,88.2,46,191,0.0,0.0,,11.8,,0.0,2,1,0.00,1,0.0,9,16,0.00,0.0,,,,,,,,
483,89.7,40,166,0.0,0.0,,10.3,,0.0,2,1,0.00,0,0.0,9,4,0.00,0.0,,,,,,,,
484,60.5,268,1121,15.6,22.0,384,0.4,,1.5,166,14,0.03,314,1.4,216,127,0.03,1.4,59,,,0.03,0.24,0.00,0.00,0.0
485,71.7,177,740,13.7,12.7,568,0.8,,1.2,79,11,0.00,279,3.3,129,79,0.04,2.1,305,,,0.11,0.12,0.00,0.97, 
486,85.2,59,249,13.4,0.1,,0.0,,0.7,6,11,0.00,15,0.1,181,146,0.03,0.0,,,,0.00,0.08,0.00,0.00, 
487,50.0,353,1476,15.9,30.8,1272,1.6,,1.7,114,9,0.06,386,2.9,45,87,0.00,2.9,148,,,0.18,0.22,0.00,0.00, 
488,75.8,146,610,13.3,9.5,397,0.6,,0.8,49,11,0.02,184,1.5,146,139,0.04,1.2,32,,,0.08,0.30,0.00,0.00, 
489,75.6,143,599,13.0,8.9,356,1.6,,0.8,42,13,0.00,164,1.6,168,150,0.06,1.1,79,,,0.07,0.58,0.00,0.75, 
490,63.5,240,1005,15.6,18.6,516,1.2,,1.1,73,16,0.03,422,2.1,166,184,0.04,1.5,94,,,0.06,0.32,0.00,0.00,0.0
491,1.1,401,1678,4.2,2.2,0,91.2,3.9,1.4,44,77,0.55,200,5.4,65,496,0.56,1.0,796,,,1.38,1.02,1.52,4.99,0.0
492,0.1,387,1619,0.3,0.0,,99.6,,0.0,8,1, ,0,0.2,0,3,0.00,0.0,,,,,,,,
493,3.3,369,1542,0.8,0.1,,94.5,,1.4,127,80,2.03,38,8.3,25,522,0.17,0.5,,,,0.00,0.03,0.00,0.00,0.0
494,0.1,387,1617,0.3,0.0,,99.5,,0.0,4,1, ,0,0.1,12,6,0.00,0.0,,,,,,,,
495,1.3,540,2258,7.2,30.3,17,59.6,2.2,1.7,191,57,0.30,212,1.6,77,355,0.31,1.1,0, , ,0.05,0.22,0.59,0.63,0.0
496,1.2,559,2338,7.4,34.2,16,55.4,2.5,1.8,171,80,0.36,303,1.5,64,431,0.45,1.3,36,,,0.04,0.24,0.00,1.37,1.4
497,1.7,557,2330,6.9,33.8,13,56.3,2.8,1.3,188,67,0.41,276,3.3,85,458,0.43,1.1,7,,,0.31,0.25,0.00,0.79,2.0
498,1.0,475,1987,4.9,29.9,2,62.4,4.9,1.8,45,107,0.83,220,3.6,9,432,0.77,1.5,0,,,0.20,0.04,0.00,1.06,2.1
499,3.4,449,1878,1.1,13.6,,81.4,3.6,0.5,7,17,0.36,396,1.2,29,183,0.20,0.4,,,,0.00,0.00,0.16,0.47,0.0
500,43.9,199,832,0.9,0.2,,54.6,2.3,0.4,13,6,0.01,14,0.9,0,137,0.00,0.0,,,,0.08,0.00,0.04,0.00,0.1
501,27.5,306,1282,5.5,6.0,20,59.5,,1.5,195,16,0.01,141,0.1,120,259,0.02,0.5,36,36,36,0.05,0.26,0.00,0.00,0.0
502,73.5,106,444,2.1,0.1,0,24.2,,0.1,4,1,0.00,0,0.1,43,2,0.00,0.0,0, , ,0.19,0.00,0.22,0.00,0.0
503,20.4,292,1222,0.0,0.0,,79.4,,0.2,6,2,0.00,5,0.1,59,5,0.00,0.0,,,, , , , , 
504,21.6,301,1260,3.8,0.2,,73.6,0.7,0.9,13,7,0.06,4,0.4,15,24,0.20,0.1,,,,0.04,0.00,0.00,0.00,0.0
505,20.7,307,1283,3.9,0.1,,75.1,0.6,0.2,19,6,0.09,5,0.5,14,36,0.03,0.1,,,,0.04,0.00,0.00,0.00,0.0
506,28.5,257,1076,0.4,0.1,,70.8,4.1,0.2,11,6,0.06,20,0.7,11,83,0.09,0.1,,,,0.00,0.00,0.00,0.00,0.0
507,15.8,309,1294,0.0,0.0,,84.0,,0.1,10,6,0.38,4,0.3,6,99,0.00,0.2,,,,0.11,0.00,0.00,0.00,0.7
508,22.1,297,1241,0.0,0.0,,76.6,,1.3,102,115,2.62,74,5.4,4,395,0.84,0.3,,,,0.00,0.05,0.20,0.00,0.0
509,23.9,411,1721,4.7,24.4,271,46.3,3.2,0.6,37,15,0.25,168,1.4,27,111,0.10,1.1,76,,,0.00,0.04,0.04,1.14,0.0
510,7.1,352,1473,1.0,0.1,,90.8,,1.1,30,47,1.66,21,4.4,22,459,0.17,0.6,,,,0.00,0.00,0.04,0.00,0.0
511,2.9,419,1752,14.7,11.9,,65.8,51.2,4.7,107,165,2.58,169,8.1,1,1609,1.30,0.5,,,,0.00,0.00,0.00,11.89,0.0
512,2.6,417,1746,11.3,8.6,29,73.6,2.4,3.8,467,71,0.17,358,2.3,382,886,0.00,1.1,52,,,0.00,1.41,0.00,0.00,0.0
513,7.1,90,375,0.5,0.1,,43.9,,48.5, , , , , ,10052, , , ,,,, , , , , 
514,71.9,90,376,17.0,1.5,,7.7,4.2,1.9,18,38,0.20,419,2.6,40,576,0.29,11.0,,,,0.30,0.36,0.00,0.00,0.0
515,1.2,380,1591,8.9,0.0,,89.2,,0.6,27,2,0.03,2,0.3,235,7,0.00,0.0,,,,0.00,0.00,0.00,0.00,40.0
516,0.6,,,,,,,,99.4,,,,,,23432,20468,,,,,,,,,,
517,0.4,,,,,,,,,,,,,,39943,,,,,,,,,,,
518,70.6,61,255,3.3,0.3,,11.6,,14.1,15,24,0.07,47,0.5,5024,165,0.00,0.2,,,,0.83,0.06,0.15,2.10,0.0
519,7.7,21,89,2.7,0.3,,2.1,0.6,87.3,,,,,,32560,,,,,,,,,,,
520,68.5,194,812,1.2,20.3,,5.5,4.6,4.5,59,5,0.06,16,5.5,1567,79,0.25,0.3,,,,0.00,0.00,0.04,0.00,0.0
521,76.3,137,573,0.9,14.2,,4.1,3.8,4.5,46,4,0.03,5,0.2,1347,20,0.14,0.1,,,,0.00,0.00,0.00,0.00,0.0
522,55.1,315,1318,0.5,27.3,0,16.9,,0.2,2,1,0.00,16,0.0,110,5,0.01,0.1,0, , ,0.07,0.00,0.00,0.00,
523,78.0,166,695,1.0,18.4,,2.2,0.7,0.4,6,17,0.24,26,0.5,44,144,0.16,0.3,,,,0.00,0.00,0.00,0.00,0.0
524,58.4,302,1264,0.6,30.5,42,7.9,,2.6,3,1,0.00,14,0.1,787,16,0.00,0.1,8,,,0.00,0.05,0.00,0.00,0.0
525,50.5,289,1210,8.3,19.9,25,19.1,9.4,2.1,124,51,0.59,142,1.9,305,354,0.23,1.2,0,,,0.06,0.00,0.00,0.00, 
526,68.0,154,643,10.8,7.1,36,11.6,1.5,2.4,13,9,0.18,48,1.0,1622,87,0.08,2.7,0,,,0.03,0.00,0.07,1.60, 
527,69.1,136,568,6.2,3.2,4,20.4,5.1,1.1,33,19,0.27,72,0.6,93,157,0.08,0.6,0,,,0.04,0.00,0.04,0.00,0.0
528,71.2,165,690,18.3,9.5,60,0.2,0.1,0.8,15,21,0.05,169,2.4,48,295,0.17,4.8,0,,,0.03,0.04,0.00,2.09,0.0
529,54.2,291,1219,23.7,21.1,257,0.0,,1.1,26,19,0.02,216,2.1,83,272,0.06,3.2,37,,,0.05,0.10,0.00,2.92,
530,41.5,274,1144,8.0,8.3,70,41.7,2.7,0.5,24,13,0.42,87,2.1,59,96,0.13,0.9,0,,,0.08,0.05,0.00,0.00,0.0
531,82.0,101,422,7.9,6.0,117,3.2,0.4,0.9,43,15,0.11,244,1.4,85,139,0.07,0.5,0,,,0.00,0.00,0.00,0.31,4.1
532,81.5,78,327,6.8,1.1,21,10.1,1.5,0.4,23,13,0.22,68,0.9,12,184,1.45,1.8,0,,,0.03,0.00,0.00,0.32,4.8
533,71.1,113,475,2.2,0.7,,25.3,2.1,0.7,2,3,0.02,23,0.2,248,11,0.00,0.2,0,,,0.00,0.00,0.06,0.00,0.0
534,68.9,142,595,2.6,4.6,15,22.5,2.4,1.3,14,5,0.06,26,0.3,236,53,0.05,0.2,0,,,0.00,0.00,0.00,0.93,0.0
535,81.0,80,335,5.6,3.6,58,5.7,3.0,4.0,105,34,0.23,111,0.9,1344,124,0.17,0.6,0,33,16,0.04,0.00,0.03,1.10,10.3
536,75.3,125,521,19.8,4.4,144,0.0,,0.3,11,8,0.11,57,1.0,29,58,0.06,2.7,0,,,0.00,0.00,0.00,4.27, 
537,70.1,173,724,15.0,10.8,66,3.0,,1.1,28,22,0.03,186,2.7,123,322,0.14,2.0,28,,,0.06,0.05,0.00,3.25,0.0
538,70.9,157,656,17.6,8.0,80,2.6,,1.0,26,25,0.03,195,1.5,99,307,0.12,0.6,28,,,0.07,0.04,0.03,3.37,0.0
539,61.7,152,634,10.2,6.8,68,19.6,3.6,1.8,41,36,0.38,199,2.2,365,349,0.22,1.4,9,,,0.00,0.00,0.00,1.44,0.0
540,71.8,117,489,8.7,6.5,22,11.6,5.1,1.4,32,32,0.24,105,1.3,278,303,0.15,0.8,0, , ,0.08,0.03,0.00,0.93,0.0
541,79.5,113,472,9.7,6.2,50,4.1,0.2,0.5,13,16,0.09,167,0.8,29,256,0.02,0.5,8,,,0.03,0.00,0.00,1.64,5.3
542,71.4,120,500,4.9,0.9,7,22.5,0.8,0.2,11,10,0.22,54,1.4,9,84,0.09,0.8,0,,,0.04,0.00,0.00,1.44,0.0
543,76.4,134,562,10.0,8.7,43,3.4,2.2,1.5,66,24,0.60,55,3.2,407,148,0.16,2.0,0,222,111,0.04,0.07,0.05,2.58,0.0
544,81.1,86,361,8.6,2.7,,6.6,1.7,1.0,8,10,0.05,43,0.8,247,153,0.61,1.6,0,105,52,0.00,0.03,0.04,,0.0
545,82.0,96,402,1.1,7.0,7,8.9,2.2,0.9,12,9,0.10,22,0.2,228,141,0.04,0.2,0,283,141,0.04,0.00,0.04,0.00,0.0
546,90.0,35,148,2.0,0.3,,7.1,2.5,0.6,33,19,0.24,45,0.4,3,244,0.17,0.3,,510,255,0.05,0.03,0.03,0.00,29.4
547,72.5,148,619,13.9,7.8,53,4.6,0.4,1.1,9,13,0.03,103,0.3,248,149,0.08,0.4,0,15,7,0.05,0.00,0.00,1.48,9.3
548,75.0,123,515,18.5,4.4,315,1.1,,1.1,12,13,0.10,164,7.2,216,199,1.48,1.8,1464,,,0.00,0.11,0.00,3.84,0.0
549,85.8,57,240,2.0,1.2,,10.6,2.1,0.4,19,18,0.37,35,0.6,1,188,0.12,0.6,,,,0.03,0.00,0.00,0.60,16.2
550,85.2,47,196,7.0,0.4,71,3.4,0.2,4.1,45,30,0.12,89,0.9,1349,240,0.22,0.8,0,35,18,0.05,0.00,0.00,,0.0
551,24.9,348,1455,0.1,10.9,31,63.6,0.0,0.5,30,3,0.06,8,0.2,158,19,0.01,0.0,75,,,0.00,0.00,0.00,0.00,0.0
552,91.9,27,114,2.1,0.3,,4.7,0.2,1.0,28,42,0.52,31,1.1,5,391,0.12,0.9,,51,25,0.00,0.00,0.05,0.00,46.4
553,75.0,145,606,5.1,9.3,19,10.1,2.3,0.5,63,16,0.04,72,0.7,26,220,0.12,1.2,0,,,0.00,0.00,0.00,0.77,0.0
554,58.4,255,1066,6.0,23.2,44,9.7,1.7,2.7,47,39,0.48,108,1.4,880,209,0.28,0.9,0,,,0.00,0.00,0.00,1.80,0.0
555,48.6,307,1284,10.2,25.6,66,14.1,2.2,1.5,41,22,0.15,135,1.1,346,237,0.07,1.0,10,,,0.14,0.05,0.00,2.60,0.0
556,69.4,113,472,7.5,2.6,,18.3,1.1,2.2,14,13,0.15,83,0.6,794,159,0.06,0.7,,62,31,0.16,0.00,0.00,2.09,0.0
557,6.4,544,2276,27.2,43.9,,20.3,8.0,2.2,0,171,1.96,407,2.5,0,580,0.78,3.2,,,,0.10,0.03,0.76,10.18,0.0
558,1.7,606,2535,22.5,54.0,,18.7,7.8,3.2,39,159,1.70,261,1.3,376,496,0.68,2.1,,,,0.08,0.00,0.21,7.47,0.0
559,76.8,88,367,7.5,0.5,,14.2,9.7,1.0,24,42,0.40,152,1.4,0,311,0.20,1.2,,,,0.27,0.07,0.06,1.16,12.4
560,80.1,74,309,4.6,0.4,,13.4,5.1,1.4,22,23,0.46,79,1.4,372,147,0.14,0.9,,9,5,0.07,0.03,0.00,0.00, 
561,80.4,76,320,4.8,0.5,,13.6,8.5,0.7,27,42,0.28,87,1.3,2,255,0.19,0.7,,,,0.04,0.00,0.00,0.00,0.0
562,14.0,329,1377,20.0,1.3,,61.2,18.4,3.5,123,210,1.02,385,8.0,0,1352,0.79,2.9,,,,0.17,0.00,0.65,4.02, 
563,80.0,78,326,5.1,0.6,,13.5,7.5,0.8,17,38,0.53,85,1.1,1,253,0.10,1.1,,,,0.12,0.00,0.00,0.00,0.0
564,12.7,339,1419,20.2,2.4,,61.2,23.6,3.5,78,178,1.43,355,5.1,10,1083,0.70,3.9,,,,0.14,0.03,0.26,0.00,0.0
565,75.8,93,388,6.1,0.5,,16.5,13.9,1.0,29,44,0.32,121,1.9,1,348,0.24,1.0,,,,0.13,0.00,0.04,0.00,0.0
566,13.5,328,1372,20.1,0.9,,61.5,30.3,3.9,98,170,0.99,427,7.0,25,1276,0.95,3.0,,,,0.10,0.00,0.12,0.00,0.0
567,80.2,77,322,4.5,0.5,,14.0,8.4,0.8,29,40,0.37,88,1.5,2,256,0.20,0.7,,,,0.06,0.00,0.03,0.00,0.0
568,14.9,324,1354,21.3,1.2,,58.8,21.8,3.8,111,188,1.32,471,6.5,0,1416,0.83,2.9,,,,0.12,0.00,0.59,4.60, 
569,77.9,85,354,5.5,0.4,,15.3,9.3,0.9,29,42,0.29,113,1.4,1,315,0.23,0.9,,,,0.09,0.00,0.04,0.00,0.0
570,15.0,326,1363,17.3,1.2,,62.9,24.0,3.7,111,170,1.17,335,18.6,14,1135,0.84,2.6,,,,0.07,0.03,0.07,0.00,0.0
571,82.6,68,284,4.5,0.5,,11.8,4.8,0.6,19,43,0.46,90,1.2,2,241,0.09,1.3,,,,0.00,0.00,0.00,3.69,0.0
572,12.0,337,1410,20.9,1.3,,62.2,20.6,3.6,68,184,1.08,394,5.3,24,1109,0.60,4.0,,,,0.16,0.03,0.00,3.92,0.0
573,80.0,77,322,5.7,0.5,,12.9,11.5,0.8,23,34,0.32,106,1.4,1,268,0.22,1.0,,,,0.15,0.00,0.03,0.00,0.0
574,12.6,331,1387,22.2,1.2,,60.0,33.8,4.0,120,162,1.34,394,6.9,10,1221,1.04,3.3,,,,0.26,0.00,0.08,0.00,0.0
575,12.3,355,1484,21.2,5.4,,57.9,12.4,3.2,114,146,3.16,342,5.4,5,1116,0.67,3.2,,,,0.52,0.00,0.75,0.00,0.0
576,11.4,344,1440,19.0,2.1,,64.0,21.3,3.5,129,166,1.02,269,1.9,2,1215,0.57,2.0,,,,1.06,0.00,0.07,2.69,1.5
577,76.3,93,388,6.3,0.5,,16.3,7.9,0.6,16,22,0.29,104,1.5,1,220,0.17,1.1,,,,0.03,0.00,0.00,0.00,0.0
578,11.5,339,1419,23.2,0.8,,62.0,16.9,2.6,54,94,1.08,368,7.0,0,887,0.83,3.5,, , ,0.11,0.00,0.42,5.07, 
579,1.8,487,2037,16.0,26.1,,52.4,7.3,3.8,22,101,1.06,198,1.1,167,348,0.38,1.6,,,,0.00,0.00,1.20,0.00,0.0
580,2.9,503,2105,13.2,28.0,,54.7,3.4,1.1,27,108,1.09,171,1.3,16,355,0.43,1.4,,,,0.04,0.03,0.11,5.94,0.0
581,5.8,404,1690,36.0,14.6,,38.4,20.2,5.1,206,242,2.87,539,13.1,6,1922,1.29,4.5,,,,0.20,0.04,0.03,0.00,0.0
582,91.3,39,164,2.4,1.6,,4.3,0.4,0.5,17,15,0.15,53,0.4,57,121,0.08,0.3,,,,0.00,0.00,0.00,0.00,0.0
583,4.5,459,1920,35.7,26.2,,28.5,7.3,5.2,359,216,2.68,647,7.0,83,1607,1.19,5.8,,,,0.00,0.11,0.35,0.00,9.2
584,86.6,64,270,6.6,4.0,,2.1,0.8,0.7,81,38,0.33,130,1.4,1,182,0.18,0.9,,,,0.04,0.00,0.03,0.00,0.0
585,9.7,381,1595,33.6,10.3,,43.8,32.3,2.6,177,121,,265,2.8,3,708,0.79,4.2,,,,0.24,0.00,0.07,0.00,25.0
586,67.7,121,505,11.1,3.8,,12.4,14.4,5.0,16,4,,40,0.3,1809,5,0.27,0.6,,,,0.00,0.00,0.00,0.00,0.0
587,3.1,581,2430,18.6,47.3,,29.5,11.6,1.5,237,222,1.95,493,3.1,279,640,0.93,2.6,,,,0.29,0.16,0.00,0.00,0.0
588,3.5,570,2386,18.5,46.3,,29.1,3.7,2.6,33,237,1.59,594,5.2,125,671,1.92,4.7,,,,0.29,0.05,0.39,0.00,0.0
589,3.5,643,2690,14.5,63.5,,15.1,7.9,3.4,146,365,1.10,853,2.3,1,651,1.79,4.2,,,,0.30,0.00,0.44,0.00,0.0
590,43.0,406,1701,3.7,42.0,,10.4,5.4,1.0,6,51,1.00,118,1.8,15,354,0.45,0.9,,,,0.00,0.00,0.03,0.00,2.5
591,,,,,,,,,,,,,,,,,,,,,,,,,,
592,15.8,329,1376,1.4,0.2,,79.2,17.9,3.4,61,39,0.38,26,18.3,12,362,0.22,0.3,,,,0.00,0.00,0.00,2.58,0.0
593,3.9,584,2442,21.2,50.4,,21.6,11.9,2.9,825,361,2.67,741,5.4,3,546,1.51,5.2,,,,0.94,0.00,0.13,5.92,0.0
594,6.7,495,2072,14.1,32.3,,43.3,33.5,3.7,211,347,2.81,615,4.7,9,869,1.09,4.4,,,,0.12,0.00,0.13,0.00,0.0
595,50.5,174,730,3.0,0.7,,43.9,15.6,1.8,16,53,0.41,166,0.8,1,727,0.18,0.8,,,,0.00,0.00,0.00,0.00,27.7
596,54.5,219,914,2.5,12.8,,29.6,4.3,0.7,28,25,0.13,49,0.5,1,303,0.28,0.3,,875,438,0.00,0.09,0.03,0.00,2.2
597,6.2,620,2594,14.0,59.4,,18.4,7.2,2.1,105,153,4.05,396,2.0,5,533,0.75,2.1,,,,0.38,0.00,0.13,1.08,0.0